coord_lat,coord_lon,weather_id,weather_main,weather_description,weather_icon,base,main_temp,main_pressure,main_humidity,main_temp_min,main_temp_max,visibility,wind_speed,wind_deg,clouds_all,dt,sys_type,sys_id,sys_message,sys_country,sys_sunrise,sys_sunset,timezone,id,name,cod
64.42,-173.23,500,Rain,light rain,10n,stations,41.26,1005.91,99,41.26,41.26,,12.12,185.293,100,1569946936,,,0.007,RU,1570038300,1570078757,43200,4031574,Provideniya,200
-53.16,-70.91,800,Clear,clear sky,01d,stations,41.45,1009,48,41,42.01,10000,19.46,240,0,1569946936,1,8487,0.0063,CL,1569924652,1569970543,-10800,3874787,Punta Arenas,200
-2.57,150.8,800,Clear,clear sky,01n,stations,83.2,1010.07,67,83.2,83.2,,2.42,57.354,10,1569946936,,,0.0065,PG,1569958944,1570002615,36000,2094342,Kavieng,200
39.51,-90.4,800,Clear,clear sky,01d,stations,85.1,1016,58,82,87.01,16093,12.75,230,1,1569946503,1,4508,0.0179,US,1569931044,1569973504,-18000,4252975,Barrow,200
69.49,88.39,800,Clear,clear sky,01n,stations,28.4,1012,86,28.4,28.4,10000,13.42,120,0,1569946608,1,8951,0.0084,RU,1569889120,1569929629,25200,1490256,Talnakh,200
-54.81,-68.31,521,Rain,shower rain,09d,stations,38.17,1006,69,37.4,39.2,10000,23.04,230,75,1569946429,1,8303,0.0082,AR,1569923952,1569969995,-10800,3833367,Ushuaia,200
-22.97,-42.02,800,Clear,clear sky,01d,stations,76.14,1018,60,75.2,77,10000,23.04,100,0,1569946545,1,8326,0.0103,BR,1569918531,1569962800,-10800,3471451,Arraial do Cabo,200
60.35,102.28,803,Clouds,broken clouds,04n,stations,26.14,1026.83,81,26.14,26.14,,3.85,229.547,62,1569946937,,,0.0131,RU,1569885290,1569926794,25200,2013727,Vanavara,200
-34.29,146.06,800,Clear,clear sky,01n,stations,54.99,1025,47,53.6,57.2,10000,10.29,110,0,1569946938,1,9529,0.0063,AU,1569959533,1570004300,36000,2164422,Griffith,200
58.6,99.18,803,Clouds,broken clouds,04n,stations,29.02,1028.17,96,29.02,29.02,,4.59,214.902,62,1569946938,,,0.0077,RU,1569885971,1569927600,25200,1503037,Kodinsk,200
59.7,30.79,803,Clouds,broken clouds,04n,stations,47.73,989,57,45,50,10000,15.66,220,75,1569946938,1,8926,0.0062,RU,1569902450,1569943940,10800,546105,Nikolskoye,200
-42.78,147.06,803,Clouds,broken clouds,04n,stations,40.55,1025,93,37.99,43,10000,8.05,310,75,1569946938,1,9545,0.0077,AU,1569959070,1570004284,36000,2155415,New Norfolk,200
-20.73,139.49,800,Clear,clear sky,01n,stations,78.8,1019,13,78.8,78.8,10000,10.29,160,0,1569946939,1,9495,0.0057,AU,1569961379,1570005608,36000,2065594,Mount Isa,200
10.26,-85.58,802,Clouds,scattered clouds,03d,stations,86,1011,70,86,86,10000,6.93,140,40,1569946939,1,7210,0.007,CR,1569929452,1569972783,-21600,3621607,Santa Cruz,200
56.17,113.57,803,Clouds,broken clouds,04n,stations,13.18,1026.81,99,13.18,13.18,,2.51,266.577,83,1569946939,,,0.0081,RU,1569968952,1570010473,28800,2016907,Severomuysk,200
49.25,6.17,310,Drizzle,light intensity drizzle rain,09d,stations,60.55,1004,93,57,64.4,10000,10.29,230,75,1569946940,1,6486,0.0093,FR,1569908052,1569950153,7200,3014080,Hagondange,200
18.42,-64.62,802,Clouds,scattered clouds,03d,stations,86.97,1013,70,84.99,89.01,16093,8.05,150,40,1569946924,1,8799,0.0071,VG,1569924529,1569967647,-14400,3577430,Road Town,200
-23.12,-134.97,500,Rain,light rain,10d,stations,67.9,1017.2,83,67.9,67.9,,17.87,142.816,75,1569946940,,,0.0118,PF,1569940821,1569985116,-32400,4030556,Rikitea,200
56.17,107.45,803,Clouds,broken clouds,04n,stations,25.6,1030.88,93,25.6,25.6,,2.21,286.589,61,1569946941,,,0.0067,RU,1569970423,1570011939,28800,2020584,Magistralnyy,200
-35.02,117.88,804,Clouds,overcast clouds,04n,stations,57.2,1021,82,57.2,57.2,10000,8.05,80,90,1569946941,1,9484,0.0086,AU,1569966273,1570011084,28800,2077963,Albany,200
-24.87,113.63,800,Clear,clear sky,01n,stations,68,1019,94,68,68,10000,16.11,180,0,1569946942,1,9505,0.0074,AU,1569967506,1570011890,28800,2074865,Carnarvon,200
-15.19,12.15,800,Clear,clear sky,01d,stations,69.8,1009,77,69.8,69.8,10000,14.99,240,0,1569946942,1,2155,0.0065,AO,1569905661,1569949674,3600,3347019,Namibe,200
-37.62,-73.65,500,Rain,light rain,10d,stations,49.18,1021.13,79,49.18,49.18,,10.92,28.547,27,1569946942,,,0.0093,CL,1569925819,1569970691,-10800,3883457,Lebu,200
-42.48,-73.76,803,Clouds,broken clouds,04d,stations,41,1020,80,41,41,10000,8.05,290,75,1569946942,1,8512,0.0058,CL,1569925716,1569970846,-10800,3896218,Castro,200
-0.74,-90.35,803,Clouds,broken clouds,04d,stations,71.71,1014,73,69.01,73.4,10000,20.8,150,75,1569946943,1,8521,0.0065,EC,1569930453,1569974071,-21600,3652764,Puerto Ayora,200
-34.53,20.04,801,Clouds,few clouds,02d,stations,62.6,1022,59,62.6,62.6,,13.87,160,21,1569946943,1,1966,0.0072,ZA,1569903427,1569948122,7200,1015776,Bredasdorp,200
-9.8,-139.03,500,Rain,light rain,10d,stations,78.7,1011.66,78,78.7,78.7,,14.18,93.047,19,1569946944,,,0.0138,PF,1569942006,1569985879,-34200,4020109,Atuona,200
-16.48,-151.75,804,Clouds,overcast clouds,04d,stations,76,1014.37,80,76,76,,20.71,135.337,100,1569946944,,,0.0057,PF,1569944956,1569989033,-36000,4034551,Faanui,200
-2.92,-39.92,800,Clear,clear sky,01d,stations,90.76,1010.59,43,90.76,90.76,,17.9,81.859,0,1569946944,,,0.0061,BR,1569918324,1569962000,-10800,3393692,Itarema,200
-33.35,149.98,800,Clear,clear sky,01n,stations,47.52,1027,71,41,51.01,,1.99,273,0,1569946945,3,2007728,0.009,AU,1569958615,1570003337,36000,2152668,Portland,200
-2.1,-56.49,803,Clouds,broken clouds,04d,stations,97.96,1008.97,32,97.96,97.96,,6.15,76.913,55,1569946945,,,0.0053,BR,1569922310,1569965965,-10800,3386467,Terra Santa,200
15.86,-97.07,803,Clouds,broken clouds,04d,stations,86,1011,66,86,86,24140,1.19,252.889,75,1569946946,1,7157,0.0074,MX,1569932284,1569975465,-18000,3520994,Puerto Escondido,200
-27.43,29.16,804,Clouds,overcast clouds,04n,stations,56.02,1019.02,42,56.02,56.02,,11.97,109.861,100,1569946946,,,0.0066,ZA,1569901382,1569945791,7200,942701,Vrede,200
18.69,12.92,802,Clouds,scattered clouds,03d,stations,102.1,1005.62,10,102.1,102.1,,11.45,26.95,44,1569946947,,,0.0061,NE,1569905921,1569949045,3600,2446796,Bilma,200
23.99,-104.67,803,Clouds,broken clouds,04d,stations,64.85,1023,59,62.6,66.99,19312,3.33,131.388,75,1569946947,1,7113,0.0063,MX,1569934220,1569977176,-18000,4011743,Constitucion,200
-7.93,-14.42,802,Clouds,scattered clouds,03d,stations,73.3,1012.66,79,73.3,73.3,,17.76,117.901,34,1569946947,,,0.0062,SH,1569912138,1569955948,0,2411397,Georgetown,200
-23.35,47.6,500,Rain,light rain,10n,stations,72.94,1014.86,94,72.94,72.94,,4.45,24.074,45,1569946948,,,0.0069,MG,1569897031,1569941293,10800,1054329,Vangaindrano,200
3.07,172.79,801,Clouds,few clouds,02n,stations,84.46,1008.81,63,84.46,84.46,,7.92,120.728,16,1569946948,,,0.0059,KI,1569953745,1569997261,43200,2110227,Butaritari,200
29.88,-97.67,803,Clouds,broken clouds,04d,stations,84.92,1016,58,82,88,16093,11.41,140,75,1569946855,1,3391,0.009,US,1569932627,1569975410,-18000,4707295,Lockhart,200
19.71,-155.08,501,Rain,moderate rain,10d,stations,71.31,1014,78,68,75.2,16093,5.82,260,90,1569946834,1,7881,0.0088,US,1569946261,1569989327,-36000,5855927,Hilo,200
-15.94,-5.72,804,Clouds,overcast clouds,04d,stations,66.64,1015.77,76,66.64,66.64,,18.61,117.779,100,1569946949,,,0.0061,SH,1569909937,1569953974,0,3370903,Jamestown,200
54.54,52.8,804,Clouds,overcast clouds,04n,stations,50.26,1013.62,64,50.26,50.26,,19.69,187.774,100,1569946949,,,0.0057,RU,1569896988,1569938840,10800,571170,Bugulma,200
25.95,-105.37,800,Clear,clear sky,01d,stations,66.1,1013.43,72,66.1,66.1,,4.05,179.366,0,1569946950,,,0.0084,MX,1569934417,1569977315,-18000,3984078,Santa Maria del Oro,200
-4.62,55.45,802,Clouds,scattered clouds,03n,stations,80.6,1011,88,80.6,80.6,10000,8.05,150,40,1569946950,1,2218,0.0071,SC,1569895419,1569939137,14400,241131,Victoria,200
29.7,-9.73,801,Clouds,few clouds,02d,stations,71.86,1015.01,73,71.86,71.86,,12.66,351.459,20,1569946950,,,0.0062,MA,1569911511,1569954325,3600,2527089,Tiznit,200
-33.92,25.57,800,Clear,clear sky,01n,stations,62.6,1025,77,62.6,62.6,10000,6.93,150,0,1569946951,1,1973,0.0059,ZA,1569902115,1569946781,7200,964420,Port Elizabeth,200
-18.54,25.64,803,Clouds,broken clouds,04n,stations,88.42,1007,7,88.42,88.42,,8.34,221.332,62,1569946951,,,0.0113,BW,1569902375,1569946487,7200,933178,Pandamatenga,200
46.77,-56.17,803,Clouds,broken clouds,04d,stations,50,1014,66,50,50,10000,23.04,320,75,1569946952,1,6582,0.0077,PM,1569922971,1569965151,-7200,3424934,Saint-Pierre,200
18.62,-100.35,802,Clouds,scattered clouds,03d,stations,73.48,1014.68,90,73.48,73.48,,0.94,201.186,46,1569946952,,,0.0064,MX,1569933108,1569976214,-18000,3981460,Coahuayana,200
-21.2,-175.2,520,Rain,light intensity shower rain,09n,stations,73.4,1015,100,73.4,73.4,10000,3.36,60,90,1569946952,1,7285,0.0064,TO,1570036847,1570081156,46800,4032243,Vaini,200
20.22,-96.78,802,Clouds,scattered clouds,03d,stations,81.4,1013.37,76,81.4,81.4,,5.84,287.941,27,1569946953,,,0.0076,MX,1569932273,1569975336,-18000,3522788,Nautla,200
39.95,-94.76,802,Clouds,scattered clouds,03d,stations,83.28,1015,66,82,84.2,16093,16.11,210,40,1569946953,1,4042,0.0076,US,1569932099,1569974541,-18000,4407665,Kodiak,200
78.22,15.64,801,Clouds,few clouds,02n,stations,24.8,1027,73,24.8,24.8,10000,2.35,38.301,20,1569946953,1,1663,0.0063,SJ,1569907789,1569945871,7200,2729907,Longyearbyen,200
-20.34,57.76,801,Clouds,few clouds,02n,stations,73.17,1020,78,73,73.4,10000,8.05,90,20,1569946953,1,2061,0.0063,MU,1569894643,1569938805,14400,1106677,Bambous Virieux,200
-30.86,30.37,802,Clouds,scattered clouds,03n,stations,59.44,1024.04,73,59.44,59.44,,10.29,161.08,50,1569946954,,,0.0065,ZA,1569901027,1569945565,7200,978895,Margate,200
70.47,-68.59,500,Rain,light rain,10d,stations,35.6,1013,100,35.6,35.6,3219,5.82,350,90,1569946954,1,776,0.0081,CA,1569926979,1569967102,-14400,5924351,Clyde River,200
-21.36,55.77,803,Clouds,broken clouds,04n,stations,70.72,1019,69,62.01,75.2,10000,4.7,10,75,1569946954,1,2127,0.006,RE,1569895104,1569939299,14400,935215,Saint-Philippe,200
-36.72,-73.12,804,Clouds,overcast clouds,04d,stations,48.2,1021,81,48.2,48.2,10000,6.93,90,90,1569946830,1,8499,0.0091,CL,1569925713,1569970542,-10800,3870282,Talcahuano,200
2.67,72.89,803,Clouds,broken clouds,04n,stations,82.84,1010.79,76,82.84,82.84,,18.28,108.615,82,1569946955,,,0.0073,MV,1569891327,1569934860,18000,1337607,Kudahuvadhoo,200
18.8,110.4,801,Clouds,few clouds,02n,stations,70.42,1012.31,91,70.42,70.42,,2.68,195.919,21,1569946956,,,0.0057,CN,1569968936,1570012011,28800,1791779,Wanning,200
57.31,88.17,802,Clouds,scattered clouds,03n,stations,32.26,1029.52,90,32.26,32.26,,5.41,207.869,39,1569946956,,,0.009,RU,1569888573,1569930281,25200,1489822,Teguldet,200
0.7,108.9,804,Clouds,overcast clouds,04n,stations,81.94,1012.57,73,81.94,81.94,,4.34,179.113,100,1569946956,,,0.0065,ID,1569882662,1569926244,25200,1625908,Sungairaya,200
-34.42,19.24,801,Clouds,few clouds,02d,stations,70,1018,56,70,70,,7,182,18,1569946957,3,2003650,0.0058,ZA,1569903622,1569948311,7200,3366880,Hermanus,200
33.14,75.55,500,Rain,light rain,10n,stations,51.52,1013.73,82,51.52,51.52,,2.84,131.382,5,1569946957,,,0.0148,IN,1569891086,1569933824,19800,1272476,Doda,200
29.23,56.61,800,Clear,clear sky,01n,stations,58.54,1009.4,20,58.54,58.54,,8.55,313.971,3,1569946957,,,0.0059,IR,1569895576,1569938423,12600,390054,Baft,200
47.66,-52.73,500,Rain,light rain,10d,stations,48.13,1008,61,46,50,24140,17.22,320,75,1569946953,1,998,0.0068,CA,1569922165,1569964306,-9000,6167817,Torbay,200
60.14,-45.24,804,Clouds,overcast clouds,04d,stations,46.66,1005.49,58,46.66,46.66,,5.03,359.237,100,1569946958,,,0.009,GL,1569920745,1569962131,-7200,3421765,Nanortalik,200
60.91,-46.05,803,Clouds,broken clouds,04d,stations,51.8,1003,29,51.8,51.8,10000,26.4,70,75,1569946958,1,47,0.006,GL,1569920972,1569962293,-7200,3421719,Narsaq,200
25.33,76.51,500,Rain,light rain,10n,stations,73.84,1008.63,83,73.84,73.84,,5.97,96.821,93,1569946959,,,0.0059,IN,1569890744,1569933706,19800,1263751,Mangrol,200
41.38,33.78,800,Clear,clear sky,01n,stations,63.58,1012.61,52,63.58,63.58,,4.92,325.63,0,1569946959,,,0.0061,TR,1569901255,1569943701,10800,743882,Kastamonu,200
60.73,33.55,500,Rain,light rain,10n,stations,43.6,985.7,79,43.6,43.6,,10.67,247.607,87,1569946959,,,0.008,RU,1569901828,1569943238,10800,534560,Lodeynoye Pole,200
33.97,36.66,800,Clear,clear sky,01n,stations,71.74,1010,19,62.01,86,10000,2.24,260,0,1569946960,1,7605,0.0062,SY,1569900437,1569943136,10800,162627,Yabrud,200
-42.88,147.33,803,Clouds,broken clouds,04n,stations,40.55,1025,93,37.99,43,10000,8.05,310,75,1569946704,1,9545,0.007,AU,1569959002,1570004222,36000,2163355,Hobart,200
-33.3,-66.34,800,Clear,clear sky,01d,stations,64.12,1013.95,19,64.12,64.12,,22.59,120.56,0,1569946960,,,0.0058,AR,1569924165,1569968836,-10800,3837056,San Luis,200
27.93,96.16,804,Clouds,overcast clouds,04n,stations,68.26,1015.68,97,68.26,68.26,,0.89,73.439,100,1569946961,,,0.0058,IN,1569886063,1569928958,19800,1254709,Tezu,200
67.55,63.78,500,Rain,light rain,10n,stations,38.02,999.54,98,38.02,38.02,,10.02,206.068,100,1569946961,,,0.0083,RU,1569894906,1569935653,10800,1486910,Komsomolskiy,200
59.24,163.07,804,Clouds,overcast clouds,04n,stations,31.54,1007.32,86,31.54,31.54,,3.85,251.134,99,1569946961,,,0.0087,RU,1569957172,1569998498,43200,2122389,Ossora,200
0.23,37.94,500,Rain,light rain,10n,stations,56.74,1008.76,84,56.74,56.74,,7.4,143.688,70,1569946962,,,0.0063,KE,1569899683,1569943276,10800,187231,Maua,200
43.13,-115.69,804,Clouds,overcast clouds,04d,stations,42.46,1018,86,41,46.99,16093,9.17,310,90,1569946907,1,5002,0.0067,US,1569937189,1569979496,-21600,5601615,Mountain Home,200
-41.05,145.91,804,Clouds,overcast clouds,04n,stations,41.44,1026,71,41.44,41.44,,2.19,183.514,100,1569946962,,,0.0061,AU,1569959396,1570004510,36000,2173125,Burnie,200
-34.72,135.86,800,Clear,clear sky,01n,stations,63.4,1016.9,71,63.4,63.4,,15.23,283.795,9,1569946964,,,0.0062,AU,1569961969,1570006759,34200,2063036,Port Lincoln,200
31.57,118.49,801,Clouds,few clouds,02n,stations,73.67,1011,88,73.4,73.99,9000,4.47,360,20,1569946964,1,9660,0.0074,CN,1569967190,1570009874,28800,1813851,Dangtu,200
62.45,-114.38,803,Clouds,broken clouds,04d,stations,41,1012,80,41,41,24140,6.93,120,75,1569946707,1,1007,0.0065,CA,1569937470,1569978586,-21600,6185377,Yellowknife,200
-34.48,-54.34,500,Rain,light rain,10d,stations,72.58,1005.6,84,72.58,72.58,,13.18,308.333,100,1569946826,,,0.0068,UY,1569921262,1569965981,-10800,3440777,Rocha,200
69.44,-133.03,803,Clouds,broken clouds,04d,stations,37.4,1009,93,37.4,37.4,24140,8.05,240,75,1569946965,1,942,0.0073,CA,1569942398,1569982607,-21600,6170031,Tuktoyaktuk,200
65.61,-37.64,802,Clouds,scattered clouds,03d,stations,33.8,1022,80,33.8,33.8,10000,18.34,70,40,1569946965,1,81,0.0076,GL,1569919183,1569960046,-7200,3424607,Tasiilaq,200
65.96,29.19,301,Drizzle,drizzle,09n,stations,42.8,992,93,42.8,42.8,10000,13.87,60,90,1569946966,1,1352,0.0062,FI,1569903129,1569944029,10800,649924,Kuusamo,200
7.91,98.33,801,Clouds,few clouds,02n,stations,80.6,1014,83,80.6,80.6,9000,1.12,,20,1569946966,1,9278,0.0073,TH,1569885287,1569928692,25200,1153035,Kathu,200
13.22,-59.52,801,Clouds,few clouds,02d,stations,87.8,1012,62,87.8,87.8,10000,14.99,120,20,1569946966,1,8772,0.0079,BB,1569923237,1569966492,-14400,3374083,Bathsheba,200
-46.6,168.33,500,Rain,light rain,10n,stations,45,1003,83,45,45,,14,224,66,1569946967,3,2008959,0.0069,NZ,1569953848,1569999298,46800,2206939,Bluff,200
-13.85,136.42,802,Clouds,scattered clouds,03n,stations,69.8,1014,88,69.8,69.8,10000,4.38,83.186,38,1569946967,1,9527,0.0055,AU,1569962228,1570006232,34200,2079582,Alyangula,200
50.26,95.16,804,Clouds,overcast clouds,04n,stations,28.84,1026.83,52,28.84,28.84,,9.69,40.288,100,1569946967,,,0.0064,RU,1569886697,1569928803,25200,1506938,Erzin,200
3.94,41.87,802,Clouds,scattered clouds,03n,stations,92.74,1007.17,36,92.74,92.74,,7.38,187.843,30,1569946968,,,0.0074,KE,1569898787,1569942287,10800,187896,Mandera,200
-13.97,28.68,804,Clouds,overcast clouds,04n,stations,90.58,1003.95,17,90.58,90.58,,7.34,89.249,90,1569946968,,,0.0075,ZM,1569901714,1569945689,7200,913029,Kapiri Mposhi,200
-19.06,-169.92,804,Clouds,overcast clouds,04n,stations,71.6,1016,88,71.6,71.6,,3.36,70,100,1569946969,1,7306,0.0114,NU,1569949273,1569993436,-39600,4036284,Alofi,200
-21.21,-159.78,802,Clouds,scattered clouds,03d,stations,69.8,1019,73,69.8,69.8,10000,5.82,120,31,1569946969,1,7271,0.0078,CK,1569946804,1569991038,-36000,4035715,Avarua,200
9.52,-84.33,803,Clouds,broken clouds,04d,stations,74.95,1017,69,73,77,9000,6.93,300,75,1569946969,1,7205,0.0062,CR,1569929143,1569972492,-21600,3622537,Parrita,200
31.15,106.5,804,Clouds,overcast clouds,04n,stations,70.96,1011.37,73,70.96,70.96,,1.32,48.229,99,1569946970,,,0.0062,CN,1569970062,1570012756,28800,1784131,Huilong,200
77.48,-69.36,500,Rain,light rain,10d,stations,33.88,1014.54,97,33.88,33.88,,9.57,79.333,100,1569946970,,,0.0109,GL,1569928125,1569966326,-10800,3831208,Qaanaaq,200
-13.71,-76.2,701,Mist,mist,50d,stations,69.04,1016,30,66,71.6,6000,6.93,290,90,1569946881,1,8691,0.0077,PE,1569926876,1569970857,-18000,3932145,Pisco,200
61.81,36.54,501,Rain,moderate rain,10n,stations,47.74,982.39,89,47.74,47.74,,18.68,254.602,100,1569946971,,,0.0086,RU,1569901154,1569942477,10800,504269,Pudozh,200
-41.87,-73.83,803,Clouds,broken clouds,04d,stations,41,1020,80,41,41,10000,8.05,290,75,1569946971,1,8512,0.006,CL,1569925750,1569970846,-10800,3899695,Ancud,200
-18.97,-49.46,800,Clear,clear sky,01d,stations,96.16,1010.95,24,96.16,96.16,,12.57,21.525,6,1569946971,,,0.0066,BR,1569920381,1569964520,-10800,3460523,Ituiutaba,200
69.65,18.96,802,Clouds,scattered clouds,03n,stations,42.8,1006,60,42.8,42.8,10000,23.04,70,40,1569946971,1,1681,0.0099,NO,1569905840,1569946227,7200,3133895,Tromso,200
10.74,14.61,801,Clouds,few clouds,02d,stations,95,1008,47,95,95,10000,3.36,100,20,1569946972,1,2075,0.0062,CM,1569905414,1569948741,3600,2233805,Bogo,200
30.75,20.22,800,Clear,clear sky,01d,stations,77.8,1011.63,72,77.8,77.8,,15.9,319.983,0,1569946972,,,0.0062,LY,1569904335,1569947127,7200,89113,Ajdabiya,200
62.23,-6.59,500,Rain,light rain,10d,stations,44.6,1013,70,44.6,44.6,10000,24.16,360,32,1569946973,1,1596,0.0075,FO,1569911543,1569952786,3600,2618795,Klaksvik,200
-12.29,33.17,803,Clouds,broken clouds,04n,stations,86.98,1005.91,25,86.98,86.98,,9.98,99.635,82,1569946973,,,0.0055,ZM,1569900661,1569944587,7200,909299,Lundazi,200
-30.17,-50.22,803,Clouds,broken clouds,04d,stations,85.18,1008.27,43,85.18,85.18,,10.96,41.504,66,1569946973,,,0.0067,BR,1569920365,1569964901,-10800,3466165,Cidreira,200
33.72,135.99,804,Clouds,overcast clouds,04n,stations,65.02,1019.02,97,65.02,65.02,,4.23,104.609,89,1569946974,,,0.0077,JP,1569963025,1570005641,32400,1847947,Shingu,200
4.38,-7.71,500,Rain,light rain,10d,stations,79.24,1008.34,84,79.24,79.24,,13.42,208.929,38,1569946974,,,0.0056,LR,1569910690,1569954176,0,2276492,Harper,200
-9.54,16.35,803,Clouds,broken clouds,04d,stations,83.2,1006.19,46,83.2,83.2,,6.02,339.292,64,1569946974,,,0.006,AO,1569904734,1569948586,3600,2239862,Malanje,200
68.22,-135.01,801,Clouds,few clouds,02d,stations,33.8,1009,86,33.8,33.8,24140,4.7,80,20,1569946974,1,796,0.0084,CA,1569942778,1569983177,-21600,5882953,Aklavik,200
55.1,-105.3,801,Clouds,few clouds,02d,stations,39.2,1025,64,39.2,39.2,24140,4.7,240,20,1569946975,1,949,0.0087,CA,1569934999,1569976700,-21600,6050066,La Ronge,200
4.94,-52.33,803,Clouds,broken clouds,04d,stations,91.4,1010,52,91.4,91.4,10000,9.17,70,75,1569946975,1,8669,0.0064,GF,1569921404,1569964875,-10800,3382160,Cayenne,200
33.08,-16.33,801,Clouds,few clouds,02d,stations,73.4,1021,69,73.4,73.4,10000,12.75,110,20,1569946975,1,6902,0.0078,PT,1569913147,1569955856,3600,2270385,Camacha,200
-28,153.41,803,Clouds,broken clouds,04n,stations,60.17,1029,77,57.99,62.01,10000,5.82,190,75,1569946795,1,9486,0.0072,AU,1569957906,1570002401,36000,2165087,Gold Coast,200
-14.27,50.17,500,Rain,light rain,10n,stations,69.88,1015.77,96,69.88,69.88,,2.08,154.457,15,1569946976,,,0.0071,MG,1569896555,1569940536,10800,1056899,Sambava,200
-46.43,-67.52,800,Clear,clear sky,01d,stations,44.68,1012.64,28,44.68,44.68,,12.55,240.535,0,1569946892,,,0.0063,AR,1569924099,1569969469,-10800,3863379,Mar del Plata,200
46.32,-120.01,802,Clouds,scattered clouds,03d,stations,42.64,1023,80,36,48,16093,1.45,332.365,40,1569946815,1,2744,0.0077,US,1569938296,1569980462,-25200,5812604,Sunnyside,200
-33.64,115.35,800,Clear,clear sky,01n,stations,47.01,1012,66,46,48,,5.7,196.611,0,1569946977,3,2011706,0.0218,AU,1569966912,1570011659,28800,2075265,Busselton,200
2.82,-60.67,803,Clouds,broken clouds,04d,stations,91.4,1011,49,91.4,91.4,10000,17.22,80,75,1569946977,1,8340,0.0069,BR,1569923378,1569966903,-14400,3664980,Boa Vista,200
40.6,-124.16,803,Clouds,broken clouds,04d,stations,45.93,1018,100,42.8,48,16093,5.82,150,75,1569946871,1,4127,0.0095,US,1569939172,1569981577,-25200,5563839,Fortuna,200
22.08,-159.32,802,Clouds,scattered clouds,03n,stations,76.55,1015,74,73.4,80.6,16093,16.11,60,40,1569946978,1,7873,0.0059,US,1569947312,1569990310,-36000,5848280,Kapaa,200
60.75,-137.51,500,Rain,light rain,10d,stations,37.84,1002.66,98,37.84,37.84,,5.1,118.745,100,1569946978,,,0.0085,CA,1569942953,1569984203,-25200,5969025,Haines Junction,200
66.32,-179.17,501,Rain,moderate rain,10n,stations,36.94,997.28,99,36.94,36.94,,5.97,137.077,100,1569946979,,,0.0067,RU,1570039863,1570080045,43200,4031742,Egvekinot,200
-33.02,27.91,800,Clear,clear sky,01n,stations,62.6,1025,72,62.6,62.6,10000,6.93,160,0,1569946979,1,1912,0.0069,ZA,1569901573,1569946200,7200,1006984,East London,200
6.88,73.1,800,Clear,clear sky,01n,stations,82.84,1010.93,74,82.84,82.84,,9.66,135.253,4,1569946979,,,0.0064,MV,1569891329,1569934757,18000,1337612,Dhidhdhoo,200
-16.84,36.99,802,Clouds,scattered clouds,03n,stations,85.54,1007.1,51,85.54,85.54,,14.38,155.375,37,1569946980,,,0.0071,MZ,1569899678,1569943737,7200,1024312,Mocuba,200
70.62,147.9,800,Clear,clear sky,01n,stations,21.64,1001.41,81,21.64,21.64,,15.79,227.313,0,1569946980,,,0.0054,RU,1569961534,1570001417,39600,2126123,Chokurdakh,200
66.15,-65.72,802,Clouds,scattered clouds,03d,stations,39.2,1012,93,39.2,39.2,24140,3.36,240,40,1569946980,1,968,0.0095,CA,1569925969,1569966735,-14400,6096551,Pangnirtung,200
-0.6,73.08,500,Rain,light rain,10n,stations,83.38,1010.96,79,83.38,83.38,,18.81,106.562,100,1569946981,,,0.0078,MV,1569891241,1569934855,18000,1282256,Hithadhoo,200
-3.41,29.14,501,Rain,moderate rain,10n,stations,59.8,1009.33,83,59.8,59.8,,2.35,112.762,57,1569946981,,,0.0064,CD,1569901748,1569945435,7200,204405,Uvira,200
10.62,104.18,802,Clouds,scattered clouds,03n,stations,80.6,1011,88,80.6,80.6,9000,2.24,,40,1569946782,1,9312,0.0068,KH,1569883916,1569927255,25200,1831112,Kampot,200
16.6,-22.9,804,Clouds,overcast clouds,04d,stations,77.08,1013.38,84,77.08,77.08,,9.93,359.097,100,1569946981,,,0.0103,CV,1569914492,1569957664,-3600,3374218,Santa Maria,200
-33.69,-53.46,501,Rain,moderate rain,10d,stations,66.64,1006.21,91,66.64,66.64,,10.8,338.762,100,1569946982,,,0.0075,UY,1569921069,1569965752,-10800,3443061,Chuy,200
-33.59,26.89,803,Clouds,broken clouds,04n,stations,62.01,1024,79,62.01,62.01,,12.37,125.561,63,1569946985,3,2011314,0.007,ZA,1569901805,1569946457,7200,964432,Port Alfred,200
-20.31,118.58,800,Clear,clear sky,01n,stations,77,1013,57,77,77,10000,11.41,250,0,1569946986,1,9585,0.007,AU,1569966401,1570010620,28800,2063042,Port Hedland,200
14.9,-24.5,800,Clear,clear sky,01d,stations,78.88,1012.86,84,78.88,78.88,,11.34,33.138,0,1569946986,,,0.0061,CV,1569914853,1569958070,-3600,3374210,Sao Filipe,200
-28.58,-70.76,803,Clouds,broken clouds,04d,stations,63.4,1017.63,46,63.4,63.4,,6.38,304.019,56,1569946986,,,0.0051,CL,1569925322,1569969801,-10800,3868633,Vallenar,200
29.14,21.3,800,Clear,clear sky,01n,stations,88.06,1010.53,26,88.06,88.06,,11.9,331.955,0,1569946987,,,0.006,LY,1569904052,1569946892,7200,88533,Awjilah,200
73.51,80.55,803,Clouds,broken clouds,04n,stations,29.74,1013.68,79,29.74,29.74,,15.05,109.137,53,1569946987,,,0.0058,RU,1569891381,1569931130,25200,1507390,Dikson,200
-45.41,167.72,501,Rain,moderate rain,10n,stations,43.24,1004.81,79,43.24,43.24,,13.29,261.407,71,1569946987,,,0.0077,NZ,1569954034,1569999405,46800,2181625,Te Anau,200
-23.65,-70.4,802,Clouds,scattered clouds,03d,stations,60.8,1017,72,60.8,60.8,10000,12.75,200,40,1569946988,1,8488,0.0061,CL,1569925326,1569969625,-10800,3899539,Antofagasta,200
9.96,-84.08,803,Clouds,broken clouds,04d,stations,74.95,1017,69,73,77,9000,6.93,300,75,1569946989,1,7205,0.0096,CR,1569929088,1569972427,-21600,3621819,San Juan,200
-39.94,176.59,800,Clear,clear sky,01n,stations,36.4,1008.92,97,36.4,36.4,,5.12,243.054,8,1569946989,,,0.007,NZ,1569952072,1569997110,46800,2185329,Waipawa,200
-23.87,35.38,201,Thunderstorm,thunderstorm with rain,11n,stations,64.4,1019,93,64.4,64.4,9000,6.93,180,75,1569946989,1,2200,0.0069,MZ,1569899953,1569944235,7200,1045114,Inhambane,200
64.27,100.22,804,Clouds,overcast clouds,04n,stations,29.38,1021.55,79,29.38,29.38,,5.97,223.373,100,1569946990,,,0.0072,RU,1569885956,1569927116,25200,2014833,Tura,200
35.73,140.83,741,Fog,fog,50n,stations,64.35,1021,100,63,66.2,5000,4.7,20,75,1569946990,1,7955,0.0066,JP,1569961898,1570004445,32400,2112802,Hasaki,200
65.58,-170.99,803,Clouds,broken clouds,04n,stations,36.4,1007.02,98,36.4,36.4,,9.19,182.927,78,1569946990,,,0.0064,RU,1570037841,1570078142,43200,4031637,Lavrentiya,200
69.38,178.42,802,Clouds,scattered clouds,03n,stations,35.5,996.55,89,35.5,35.5,,4.83,267.164,39,1569946991,,,0.0073,RU,1569954076,1569994228,43200,2123814,Leningradskiy,200
56.17,91.82,802,Clouds,scattered clouds,03n,stations,28.4,1030,100,28.4,28.4,10000,4.47,210,40,1569946991,1,8957,0.0054,RU,1569887660,1569929443,25200,1538641,Kedrovyy,200
69.22,-51.1,803,Clouds,broken clouds,04d,stations,46.4,1011,33,46.4,46.4,10000,12.75,90,75,1569946991,1,165,0.0078,GL,1569922665,1569963023,-7200,3423146,Ilulissat,200
41.76,86.15,804,Clouds,overcast clouds,04n,stations,54.4,1011.1,43,54.4,54.4,,7,26.949,100,1569946992,,,0.0085,CN,1569975147,1570017437,28800,1529376,Korla,200
58.04,65.27,804,Clouds,overcast clouds,04n,stations,44.68,1018.05,78,44.68,44.68,,11.99,213.619,99,1569946992,,,0.0079,RU,1569894102,1569935742,18000,1489962,Tavda,200
72.79,-56.15,801,Clouds,few clouds,02d,stations,37.12,1014.89,61,37.12,37.12,,8.63,19.828,13,1569946992,,,0.0085,GL,1569924218,1569963894,-7200,3418910,Upernavik,200
20.33,74.24,804,Clouds,overcast clouds,04n,stations,69.34,1012.53,96,69.34,69.34,,5.03,269.567,100,1569946993,,,0.0067,IN,1569891223,1569934316,19800,1274673,Chandvad,200
4.87,-2.24,802,Clouds,scattered clouds,03d,stations,78.88,1008.03,81,78.88,78.88,,14.03,210.915,25,1569946993,,,0.0087,GH,1569909383,1569952858,0,2303611,Axim,200
-2.02,147.27,804,Clouds,overcast clouds,04n,stations,79.24,1010.39,78,79.24,79.24,,3.83,14.906,100,1569946993,,,0.006,PG,1569959799,1570003454,36000,2092164,Lorengau,200
39.36,-9.38,801,Clouds,few clouds,02d,stations,73.29,1019,68,68,78.8,10000,11.41,320,20,1569946994,1,6888,0.0072,PT,1569911583,1569954084,3600,2264923,Peniche,200
36.62,101.77,804,Clouds,overcast clouds,04n,stations,51.34,1012.59,34,51.34,51.34,,1.72,294.77,95,1569946946,,,0.0077,CN,1569971294,1570013794,28800,1788852,Xining,200
29.96,122.3,501,Rain,moderate rain,10n,stations,76,998.95,90,76,76,,42.46,326.005,100,1569946995,,,0.0082,CN,1569966249,1570008987,28800,1795632,Shenjiamen,200
68.75,161.3,804,Clouds,overcast clouds,04n,stations,21.46,1005.11,92,21.46,21.46,,6.35,305.869,100,1569946995,,,0.0058,RU,1569958144,1569998376,39600,2126199,Cherskiy,200
50.68,156.12,802,Clouds,scattered clouds,03n,stations,45.76,1018.64,87,45.76,45.76,,12.86,261.533,42,1569946995,,,0.0078,RU,1569958554,1570000451,39600,2121385,Severo-Kurilsk,200
-25.24,130.99,803,Clouds,broken clouds,04n,stations,73.4,1018,17,73.4,73.4,10000,3.36,90,69,1569946996,1,9487,0.0084,AU,1569963336,1570007730,34200,6355222,Yulara,200
37.75,-100.02,500,Rain,light rain,10d,stations,69.8,1013,94,69.01,70,16093,11.41,220,90,1569946942,1,3793,0.0068,US,1569933322,1569975843,-18000,5445298,Dodge City,200
-8.77,160.7,501,Rain,moderate rain,10n,stations,82.12,1010,73,82.12,82.12,,8.9,138.84,100,1569946996,,,0.0058,SB,1569956480,1570000328,39600,2109701,Auki,200
44.67,-103.85,804,Clouds,overcast clouds,04d,stations,33.24,1021,95,28,37.99,16093,4.7,50,90,1569946997,1,5898,0.0071,US,1569934377,1569976625,-21600,5762718,Belle Fourche,200
44.75,132.04,800,Clear,clear sky,01n,stations,61.42,1016.93,78,61.42,61.42,,8.75,199.56,0,1569946997,,,0.0059,RU,1569964191,1570006371,36000,2023226,Kamen-Rybolov,200
-9.65,120.26,802,Clouds,scattered clouds,03n,stations,71.14,1014.36,86,71.14,71.14,,5.44,128.088,50,1569946997,,,0.0061,ID,1569966169,1570010046,28800,1622318,Waingapu,200
47.92,106.92,802,Clouds,scattered clouds,03n,stations,37.4,1019,69,37.4,37.4,10000,6.71,360,40,1569946998,1,9644,0.0067,MN,1569970301,1570012315,28800,2028462,Ulaanbaatar,200
48.92,-123.72,803,Clouds,broken clouds,04d,stations,46.53,1022,75,42.01,50,48279,1.68,264.895,75,1569946998,1,761,0.0165,CA,1569939249,1569981289,-25200,5920668,Chemainus,200
69.7,170.27,804,Clouds,overcast clouds,04n,stations,31.18,999.61,96,31.18,31.18,,16.84,331.504,100,1569946999,,,0.006,RU,1569956065,1569996150,43200,2122090,Pevek,200
-17.73,-149.15,801,Clouds,few clouds,02d,stations,71.26,1014,83,71.01,71.6,10000,15.57,135.855,20,1569946999,1,7318,0.0072,PF,1569944313,1569988429,-36000,4033557,Tautira,200
36.85,-75.98,804,Clouds,overcast clouds,04d,stations,77.72,1021,60,73.99,81,16093,7.07,113.839,90,1569946828,1,5123,0.0134,US,1569927533,1569970095,-14400,4791259,Virginia Beach,200
33.53,47.61,801,Clouds,few clouds,02n,stations,77,1016,22,77,77,10000,4.7,280,20,1569946933,1,7456,0.0065,IR,1569897801,1569940518,12600,126409,Kuhdasht,200
24.32,-107.36,801,Clouds,few clouds,02d,stations,83.34,1011,74,80.6,84.99,16093,6.93,50,20,1569947000,1,7117,0.0097,MX,1569934871,1569977816,-21600,4007812,Eldorado,200
64.11,-21.91,803,Clouds,broken clouds,04d,stations,47.37,1020,61,46,48.2,10000,4.7,20,75,1569947001,1,91,0.0082,IS,1569915318,1569956363,0,3415212,Kopavogur,200
14.69,-17.45,800,Clear,clear sky,01d,stations,88.77,1011,70,87.8,89.6,10000,11.41,340,0,1569946827,1,2419,0.0062,SN,1569913159,1569956382,0,2253354,Dakar,200
71.98,102.47,800,Clear,clear sky,01n,stations,20.74,1017.37,89,20.74,20.74,,1.5,304.144,6,1569947001,,,0.0069,RU,1569885943,1569926049,25200,2022572,Khatanga,200
24.73,-77.79,802,Clouds,scattered clouds,03d,stations,84.2,1012,66,84.2,84.2,10000,8.05,90,40,1569947001,1,7269,0.006,BS,1569927778,1569970719,-14400,3572906,Andros Town,200
13.6,26.69,801,Clouds,few clouds,02n,stations,89.5,1006.09,37,89.5,89.5,,1.45,231.409,24,1569947002,,,0.0072,SD,1569902551,1569945807,7200,364933,Umm Kaddadah,200
69.41,86.18,800,Clear,clear sky,01n,stations,28.4,1012,86,28.4,28.4,10000,13.42,120,0,1569947002,1,8951,0.0081,RU,1569889646,1569930164,25200,1507116,Dudinka,200
44.9,-97.12,804,Clouds,overcast clouds,04d,stations,45.68,1018,93,44.6,46.4,12874,13.87,30,90,1569946769,1,3343,0.0064,US,1569932766,1569975007,-18000,5232741,Watertown,200
7.36,2.6,500,Rain,light rain,10d,stations,77.44,1007.65,87,77.44,77.44,,8.93,196.588,100,1569947003,,,0.0087,BJ,1569908253,1569951665,3600,2393551,Ketou,200
27.5,88.54,500,Rain,light rain,10n,stations,54.76,1015.98,86,54.76,54.76,,1.9,1.343,66,1569947003,,,0.0062,IN,1569887886,1569930791,19800,1263776,Mangan,200
-32.49,137.76,802,Clouds,scattered clouds,03n,stations,73.31,1018,20,69.01,77,10000,18.34,360,28,1569947005,1,9613,0.0075,AU,1569961564,1570006252,34200,2063056,Port Augusta,200
-3.73,-38.66,801,Clouds,few clouds,02d,stations,86.47,1011,48,86,87.8,10000,20.8,90,20,1569947005,1,8363,0.0089,BR,1569918011,1569961708,-10800,3402429,Caucaia,200
53.59,7.21,804,Clouds,overcast clouds,04d,stations,52.05,999,81,51.01,53.6,10000,10.29,40,90,1569947005,1,1530,0.0074,DE,1569907916,1569949790,7200,2862118,Norden,200
9.06,-62.05,804,Clouds,overcast clouds,04d,stations,87.88,1011.07,66,87.88,87.88,,7.2,99.79,94,1569947006,,,0.0061,VE,1569923790,1569967153,-14400,3625929,Tucupita,200
20.2,1.01,800,Clear,clear sky,01d,stations,104.62,1007.25,7,104.62,104.62,,11.54,62.362,0,1569947006,,,0.0067,ML,1569908800,1569951882,0,2449893,Tessalit,200
-33.93,18.42,800,Clear,clear sky,01d,stations,65.8,1020,63,63,70,10000,12.75,210,0,1569946792,1,1899,0.0058,ZA,1569903829,1569948498,7200,3369157,Cape Town,200
38.94,100.46,804,Clouds,overcast clouds,04n,stations,59.26,1013.25,38,59.26,59.26,,0.94,196.428,87,1569947007,,,0.0076,CN,1569971653,1570014064,28800,1785036,Zhangye,200
10.75,122.67,500,Rain,light rain,10n,stations,75.46,1012.37,90,75.46,75.46,,4.05,335.883,96,1569947008,,,0.0052,PH,1569965878,1570009180,28800,1713003,Getulio,200
35.85,71.79,800,Clear,clear sky,01n,stations,41.98,1017.01,49,41.98,41.98,,5.46,342.331,8,1569947008,,,0.0104,PK,1569892032,1569934684,18000,1181065,Chitral,200
55.74,-97.86,802,Clouds,scattered clouds,03d,stations,35.6,1025,64,35.6,35.6,24140,3.36,180,40,1569947008,1,935,0.0059,CA,1569933231,1569974897,-18000,6165406,Thompson,200
54.77,-101.88,803,Clouds,broken clouds,04d,stations,37.4,1025,59,37.4,37.4,24140,3.36,90,75,1569947009,1,782,0.0088,CA,1569934166,1569975891,-18000,5954718,Flin Flon,200
-23.7,133.88,800,Clear,clear sky,01n,stations,77,1020,21,77,77,10000,9.17,60,0,1569947009,1,9483,0.0058,AU,1569962671,1570007007,34200,2077895,Alice Springs,200
42.45,-87.83,801,Clouds,few clouds,02d,stations,77.16,1014,78,71.01,81,16093,9.17,230,20,1569947010,1,6126,0.0106,US,1569930483,1569972831,-18000,4917358,Zion,200
-38.07,174.82,800,Clear,clear sky,01n,stations,42.01,1009,91,42.01,42.01,,22.68,212.649,0,1569947010,3,2002030,0.0067,NZ,1569952546,1569997486,46800,2185537,Kawhia,200
8.51,-77.28,803,Clouds,broken clouds,04d,stations,81.58,1011.3,67,81.58,81.58,,4.85,220.194,77,1569947010,,,0.0067,CO,1569927438,1569970814,-18000,3690572,Acandi,200
43.36,77.47,804,Clouds,overcast clouds,04n,stations,50,1023,61,50,50,10000,11.18,210,90,1569947011,1,8818,0.0056,KZ,1569890799,1569933191,21600,1523741,Esik,200
18.47,120.58,802,Clouds,scattered clouds,03n,stations,78.8,1012,94,78.8,78.8,10000,2.24,,40,1569947011,1,8159,0.0065,PH,1569966488,1570009574,28800,1715335,Davila,200
24.14,74.05,500,Rain,light rain,10n,stations,77.26,1009.29,82,77.26,77.26,,5.44,248.352,17,1569947011,,,0.0074,IN,1569891319,1569934312,19800,1257588,Salumbar,200
-45.87,170.5,500,Rain,light rain,10n,stations,50,997,67,50,50,,28.01,259,93,1569947012,3,75281,0.006,NZ,1569953353,1569998752,46800,2191562,Dunedin,200
-8.28,-70.75,804,Clouds,overcast clouds,04d,stations,90.4,1011.62,43,90.4,90.4,,4.65,16.226,100,1569947012,,,0.0087,BR,1569925647,1569969471,-18000,3661980,Tamandare,200
-31.43,152.91,802,Clouds,scattered clouds,03n,stations,51.46,1029,93,50,54,,2.01,301.018,41,1569947012,1,9610,0.0074,AU,1569957955,1570002591,36000,2152659,Port Macquarie,200
-28.23,28.31,803,Clouds,broken clouds,04n,stations,61.6,1017.81,28,61.6,61.6,,10.83,32.752,80,1569947013,,,0.0051,ZA,1569901571,1569946009,7200,1019704,Bethlehem,200
55.93,110.1,803,Clouds,broken clouds,04n,stations,27.4,1029.19,74,27.4,27.4,,5.79,350.876,83,1569947013,,,0.0067,RU,1569969777,1570011313,28800,2022129,Kichera,200
62.93,152.39,802,Clouds,scattered clouds,03n,stations,14.44,1011.66,87,14.44,14.44,,2.04,158.714,35,1569947013,,,0.0058,RU,1569959911,1570000885,39600,2121373,Seymchan,200
18.74,7.39,803,Clouds,broken clouds,04d,stations,103.54,1006.35,9,103.54,103.54,,8.77,4.239,63,1569947014,,,0.0062,NE,1569907249,1569950371,3600,2447513,Arlit,200
-46.28,169.85,501,Rain,moderate rain,10n,stations,44.01,998,74,44.01,44.01,,5.99,270,72,1569947014,3,2000217,0.0063,NZ,1569953495,1569998922,46800,2208248,Kaitangata,200
14.3,-91.92,802,Clouds,scattered clouds,03d,stations,82.4,1013,78,82.4,82.4,10000,4.7,120,40,1569947014,1,7068,0.0063,GT,1569931027,1569974250,-21600,3598787,Champerico,200
-21.74,-48.69,800,Clear,clear sky,01d,stations,92.2,1012.23,30,92.2,92.2,,9.71,3.961,0,1569947015,,,0.0058,BR,1569920151,1569964380,-10800,3447200,Tabatinga,200
67.47,86.57,804,Clouds,overcast clouds,04n,stations,33.16,1012.54,97,33.16,33.16,,15.1,158.52,100,1569947015,,,0.0077,RU,1569889418,1569930204,25200,1505991,Igarka,200
-43.76,172.3,804,Clouds,overcast clouds,04n,stations,42.51,1001,86,37,48,10000,6.93,30,100,1569947015,1,7348,0.0073,NZ,1569952989,1569998252,46800,2188444,Leeston,200
-13.08,-76.38,804,Clouds,overcast clouds,04d,stations,62.5,1016.21,84,62.5,62.5,,8.25,228.105,100,1569947016,,,0.0067,PE,1569926929,1569970891,-18000,3928993,San Vicente de Canete,200
66.77,123.37,803,Clouds,broken clouds,04n,stations,23.62,1015.71,81,23.62,23.62,,6.46,311.119,59,1569947016,,,0.0059,RU,1569967121,1570007601,32400,2012530,Zhigansk,200
71.97,114.09,804,Clouds,overcast clouds,04n,stations,25.78,1013.8,95,25.78,25.78,,13.58,310.408,95,1569947017,,,0.0062,RU,1569969813,1570009363,32400,2017155,Saskylakh,200
2.02,112.94,501,Rain,moderate rain,10n,stations,71.68,1014.25,99,71.68,71.68,,1.32,104.461,100,1569947017,,,0.0066,MY,1569968092,1570011635,28800,1737185,Kapit,200
-7.24,35.72,801,Clouds,few clouds,02n,stations,80.6,1016,44,80.6,80.6,10000,20.8,90,20,1569947018,1,2611,0.0065,TZ,1569900118,1569943906,10800,158825,Izazi,200
46.72,-92.46,500,Rain,light rain,10d,stations,49.66,1018,81,46.4,52,16093,6.93,310,90,1569946976,1,3682,0.0074,US,1569931687,1569973850,-18000,5021632,Cloquet,200
36.73,-108.21,800,Clear,clear sky,01d,stations,61.84,1015,25,55.99,68,16093,5.82,70,1,1569946987,1,4117,0.0061,US,1569935270,1569977824,-21600,5467328,Farmington,200
33.93,134.5,803,Clouds,broken clouds,04n,stations,74.41,1018,88,73.99,75.2,10000,6.93,200,75,1569947019,1,8027,0.0071,JP,1569963386,1570005995,32400,1865309,Katsuura,200
60.79,-161.76,803,Clouds,broken clouds,04n,stations,39.27,1016,93,37.4,41,16093,11.41,300,75,1569947019,1,7640,0.0072,US,1569948784,1569990009,-28800,5880568,Bethel,200
5.4,-75.55,802,Clouds,scattered clouds,03d,stations,77,1020,65,77,77,10000,4.7,290,40,1569947019,1,8610,0.0101,CO,1569926982,1569970440,-18000,3687951,La Merced,200
68.56,14.91,800,Clear,clear sky,01d,stations,48.24,1000,57,46,50,10000,12.75,50,0,1569947019,1,1669,0.0081,NO,1569906732,1569947279,7200,3136690,Stokmarknes,200
-0.46,39.64,803,Clouds,broken clouds,04n,stations,90.22,1006.87,44,90.22,90.22,,16.17,119.272,82,1569947020,,,0.0102,KE,1569899266,1569942877,10800,197745,Garissa,200
46.83,-100.89,804,Clouds,overcast clouds,04d,stations,40.57,1023,86,39,42.8,16093,10.29,10,90,1569946729,1,6313,0.0062,US,1569933715,1569975867,-18000,5690366,Mandan,200
23.26,82.56,804,Clouds,overcast clouds,04n,stations,70.78,1010.62,91,70.78,70.78,,1.54,245.508,100,1569947021,,,0.0063,IN,1569889264,1569932282,19800,1277769,Baikunthpur,200
19.22,-104.7,804,Clouds,overcast clouds,04d,stations,77,1012,100,77,77,16093,1.36,60.243,90,1569947021,1,7166,0.0073,MX,1569934161,1569977250,-18000,3985168,San Patricio,200
15.28,-23.77,801,Clouds,few clouds,02d,stations,78.16,1012.95,83,78.16,78.16,,9.95,40.87,18,1569947021,,,0.0071,CV,1569914683,1569957890,-3600,3374166,Tarrafal,200
8.2,-59.78,501,Rain,moderate rain,10d,stations,82.84,1011.59,84,82.84,82.84,,3.78,89.559,100,1569947022,,,0.0062,GY,1569923234,1569966620,-14400,3377301,Mabaruma,200
63.84,-22.43,803,Clouds,broken clouds,04d,stations,48.2,1020,76,48.2,48.2,10000,5.82,70,75,1569947022,1,90,0.0062,IS,1569915429,1569956501,0,3416888,Grindavik,200
61.13,21.5,500,Rain,light rain,10n,stations,39.2,983,93,39.2,39.2,10000,9.17,140,100,1569947022,1,1353,0.0066,FI,1569904741,1569946108,10800,639735,Rauma,200
-1.2,-46.02,804,Clouds,overcast clouds,04d,stations,83.74,1010.55,64,83.74,83.74,,10.94,74.053,100,1569947023,,,0.0066,BR,1569919810,1569963441,-10800,3402648,Carutapera,200
5.18,97.15,500,Rain,light rain,10n,stations,70.96,1013.8,90,70.96,70.96,,2.55,202.794,70,1569947023,,,0.007,ID,1569885537,1569929008,25200,1214658,Lhokseumawe,200
36.4,117.89,801,Clouds,few clouds,02n,stations,71.01,1007,60,71.01,71.01,,4.63,191.435,16,1569947023,3,2015990,0.0068,CN,1569967419,1570009933,28800,1816265,Shima,200
-20.52,57.52,801,Clouds,few clouds,02n,stations,73.17,1020,78,73,73.4,10000,8.05,90,20,1569947024,1,2061,0.0081,MU,1569894698,1569938865,14400,933995,Souillac,200
-38.55,-58.74,804,Clouds,overcast clouds,04d,stations,57.99,1012,63,57.99,57.99,,8.01,180,99,1569947025,3,2019717,0.0069,AR,1569922221,1569967134,-10800,3430443,Necochea,200
54.42,-6.44,802,Clouds,scattered clouds,03d,stations,52.88,1009,62,51.8,54,10000,13.87,10,40,1569947025,1,1372,0.0075,GB,1569911220,1569953036,3600,2641364,Portadown,200
-21.76,-52.12,800,Clear,clear sky,01d,stations,96.34,1010.29,20,96.34,96.34,,9.35,31.577,0,1569947028,,,0.0072,BR,1569920974,1569965204,-10800,3452331,Presidente Epitacio,200
45.32,55.19,804,Clouds,overcast clouds,04n,stations,60.16,1020.71,45,60.16,60.16,,16.51,113.626,85,1569947029,,,0.006,KZ,1569896189,1569938492,18000,610298,Beyneu,200
18.22,-63.06,801,Clouds,few clouds,02d,stations,88.88,1014,62,88,89.6,10000,8.05,110,20,1569947029,1,8801,0.0067,AI,1569924152,1569967276,-14400,3573374,The Valley,200
0.54,123.06,804,Clouds,overcast clouds,04n,stations,72.94,1012.78,89,72.94,72.94,,3.42,77.402,86,1569947029,,,0.0079,ID,1569965643,1570009228,28800,1643837,Gorontalo,200
30.64,-112.98,800,Clear,clear sky,01d,stations,79.66,1008,47,79,80.01,,4,90,0,1569947029,3,2005681,0.0064,MX,1569936315,1569979069,-25200,3971596,Garcia,200
25.81,66.62,801,Clouds,few clouds,02n,stations,84.1,1007.08,69,84.1,84.1,,18.97,153.758,18,1569947030,,,0.0059,PK,1569893125,1569936071,18000,1162862,Uthal,200
51.3,-116.96,803,Clouds,broken clouds,04d,stations,37.4,1021,86,37.4,37.4,16093,2.24,,75,1569947030,1,788,0.0071,CA,1569937688,1569979606,-21600,5962582,Golden,200
-5.81,-35.21,802,Clouds,scattered clouds,03d,stations,86,1011,62,86,86,10000,19.46,100,40,1569947031,1,8417,0.0063,BR,1569917155,1569960908,-10800,3394023,Natal,200
22.89,-109.91,803,Clouds,broken clouds,04d,stations,77.18,1013,57,75,81,16093,3.36,150,75,1569946874,1,7151,0.0094,MX,1569935463,1569978448,-21600,3985710,Cabo San Lucas,200
37.57,126.98,701,Mist,mist,50n,stations,69.62,1018,106,68,71.6,4800,1.12,280,75,1569946899,1,5509,0.0066,KR,1569965258,1570007732,32400,1835848,Seoul,200
3.78,72.97,804,Clouds,overcast clouds,04n,stations,83.02,1010.83,74,83.02,83.02,,16.75,122.992,100,1569947031,,,0.006,MV,1569891322,1569934827,18000,1337605,Mahibadhoo,200
-15.77,128.74,800,Clear,clear sky,01n,stations,73.4,1012,56,73.4,73.4,10000,3.36,90,10,1569947032,1,9587,0.0072,AU,1569964040,1570008106,28800,2068110,Kununurra,200
31.68,38.65,800,Clear,clear sky,01n,stations,89.6,1011,21,89.6,89.6,10000,5.82,260,0,1569947032,1,7432,0.0068,SA,1569899924,1569942694,10800,101312,Turayf,200
19.28,-81.25,801,Clouds,few clouds,02d,stations,84.31,1008,79,82.99,86,10000,9.17,100,20,1569947032,1,7265,0.0055,KY,1569928533,1569971624,-18000,3580733,Bodden Town,200
24.8,125.28,500,Rain,light rain,10n,stations,81.04,1010.55,88,81.04,81.04,,14.54,172.839,0,1569947033,,,0.0072,JP,1569965452,1570008353,32400,1862505,Hirara,200
59.13,15.14,800,Clear,clear sky,01d,stations,50.4,989,50,48,53.6,10000,10.29,240,0,1569947033,1,1777,0.007,SE,1569906191,1569947710,7200,2698767,Kumla,200
-0.92,100.36,802,Clouds,scattered clouds,03n,stations,79.06,1014.02,82,79.06,79.06,,11.36,156.299,43,1569947033,,,0.0066,ID,1569884691,1569928313,25200,1633419,Padang,200
59.95,56.29,500,Rain,light rain,10n,stations,48.28,1005.87,88,48.28,48.28,,12.55,196.894,100,1569947033,,,0.0068,RU,1569896330,1569937823,18000,551047,Kerchevskiy,200
-8.11,115.08,804,Clouds,overcast clouds,04n,stations,79.06,1014.43,79,79.06,79.06,,8.86,224.007,97,1569947034,,,0.0066,ID,1569967434,1570011266,28800,1626932,Singaraja,200
-39.03,-67.58,800,Clear,clear sky,01d,stations,55.4,1016,58,55.4,55.4,10000,12.75,270,0,1569947034,1,8310,0.0081,AR,1569924328,1569969269,-10800,3855065,General Roca,200
54.13,-108.44,801,Clouds,few clouds,02d,stations,35.6,1023,80,35.6,35.6,24140,3.36,160,20,1569947034,1,833,0.0066,CA,1569935723,1569977483,-21600,6071421,Meadow Lake,200
43.41,-124.22,800,Clear,clear sky,01d,stations,45.34,1021,93,42.01,48,16093,5.82,,1,1569947035,1,5239,0.0063,US,1569939243,1569981534,-25200,5742974,North Bend,200
-33.86,121.89,803,Clouds,broken clouds,04n,stations,53.6,1021,100,53.6,53.6,10000,6.93,50,75,1569947035,1,9525,0.0076,AU,1569965339,1570010094,28800,2071860,Esperance,200
39.81,-121.58,800,Clear,clear sky,01d,stations,52.27,1016,70,48.2,57,64372,8.05,310,5,1569946932,1,3626,0.0059,US,1569938538,1569980973,-25200,5369690,Magalia,200
-35.55,138.62,800,Clear,clear sky,01n,stations,71.1,1018,14,68,75.2,10000,14.99,40,0,1569947035,1,9566,0.0066,AU,1569961287,1570006116,34200,2059470,Victor Harbor,200
-3.28,-39.27,802,Clouds,scattered clouds,03d,stations,88.96,1010.8,43,88.96,88.96,,10.54,97.285,35,1569947036,,,0.0058,BR,1569918163,1569961848,-10800,3386177,Trairi,200
46.45,135.83,800,Clear,clear sky,01n,stations,58.9,1017.03,75,58.9,58.9,,5.93,176.972,0,1569947036,,,0.014,RU,1569963320,1570005423,36000,2013279,Vostok,200
43.06,-86.23,500,Rain,light rain,10d,stations,73.47,1014,83,69.8,78.01,16093,4.7,180,90,1569946759,1,4912,0.0092,US,1569930111,1569972436,-14400,4994325,Grand Haven,200
17.01,54.1,803,Clouds,broken clouds,04n,stations,80.6,1010,83,80.6,80.6,10000,8.05,190,75,1569947037,1,7562,0.0065,OM,1569896015,1569939189,14400,286621,Salalah,200
35.58,53.39,800,Clear,clear sky,01n,stations,78.8,1014,24,78.8,78.8,10000,0.87,340.296,0,1569947037,1,7476,0.006,IR,1569896446,1569939099,12600,116402,Semnan,200
14.12,15.31,800,Clear,clear sky,01d,stations,100.66,1004.45,23,100.66,100.66,,9.44,126.104,6,1569947038,,,0.0068,TD,1569905289,1569948531,3600,2428394,Mao,200
-19.55,169.27,803,Clouds,broken clouds,04n,stations,71.6,1016,83,71.6,71.6,10000,23.4,141.51,75,1569947038,1,7317,0.0062,VU,1569954256,1569998439,39600,2136825,Isangel,200
42.68,126.04,800,Clear,clear sky,01n,stations,59.8,1017.28,73,59.8,59.8,,5.46,176.01,0,1569947038,,,0.0058,CN,1569965586,1570007855,28800,2038118,Huinan,200
60.4,-1.35,500,Rain,light rain,10d,stations,46.4,1005,70,46.4,46.4,10000,19.46,330,17,1569947038,1,1447,0.0073,GB,1569910204,1569951610,3600,2654970,Brae,200
44.03,145.86,802,Clouds,scattered clouds,03n,stations,60.88,1019.93,90,60.88,60.88,,9.57,204.848,47,1569947039,,,0.0058,RU,1569960855,1570003075,36000,2119447,Yuzhno-Kurilsk,200
52.14,-10.27,802,Clouds,scattered clouds,03d,stations,59,1009,62,59,59,10000,10.29,350,40,1569947039,1,1552,0.0066,IE,1569912076,1569954019,3600,2964782,Dingle,200
65.28,-126.83,803,Clouds,broken clouds,04d,stations,44.6,1010,81,44.6,44.6,48279,2.24,,75,1569947039,1,951,0.0075,CA,1569940615,1569981415,-21600,6089245,Norman Wells,200
-1.53,-52.58,802,Clouds,scattered clouds,03d,stations,93.1,1009.63,44,93.1,93.1,,5.66,98.576,25,1569947040,,,0.0077,BR,1569921380,1569965019,-10800,3407903,Almeirim,200
13.3,-4.9,803,Clouds,broken clouds,04d,stations,97.6,1005.49,32,97.6,97.6,,12.68,133.692,56,1569947040,,,0.0058,ML,1569910129,1569953389,0,2451778,San,200
27.87,-0.29,800,Clear,clear sky,01d,stations,105.8,1013,6,105.8,105.8,10000,6.93,20,0,1569947040,1,1098,0.0057,DZ,1569909218,1569952088,3600,2508813,Adrar,200
19.41,-99.19,802,Clouds,scattered clouds,03d,stations,65.93,1026,59,60.8,69.8,12874,4.7,100,40,1569947041,1,7146,0.0064,MX,1569932841,1569975925,-18000,3827408,Miguel Hidalgo,200
-20.21,57.76,801,Clouds,few clouds,02n,stations,73.18,1020,78,73,73.4,10000,8.05,90,20,1569947041,1,2061,0.0069,MU,1569894645,1569938803,14400,1106643,Quatre Cocos,200
39.12,66.88,803,Clouds,broken clouds,04n,stations,59,1016,62,59,59,6000,4.7,150,74,1569947042,1,9013,0.007,UZ,1569893265,1569935806,18000,1216187,Kitab,200
-11.1,-77.61,804,Clouds,overcast clouds,04d,stations,61.6,1015.98,91,61.6,61.6,,10.42,153.473,100,1569947042,,,0.0083,PE,1569927253,1569971157,-18000,3939761,Hualmay,200
63.9,122.77,803,Clouds,broken clouds,04n,stations,25.24,1017.47,74,25.24,25.24,,6.24,295.978,76,1569947043,,,0.0057,RU,1569967086,1570007924,32400,2021017,Kysyl-Syr,200
35.74,139.53,800,Clear,clear sky,01n,stations,70.45,1023,82,64.99,73.99,16093,3.36,270,1,1569947043,1,8073,0.0148,JP,1569962210,1570004757,32400,1850144,Nishihara,200
61.99,-49.67,803,Clouds,broken clouds,04d,stations,42.34,1006.98,59,42.34,42.34,,5.7,342.867,54,1569947043,,,0.0071,GL,1569921890,1569963113,-7200,3421193,Paamiut,200
61.47,-6.81,801,Clouds,few clouds,02d,stations,45.58,1013.03,68,45.58,45.58,,22.19,351.3,15,1569947044,,,0.0066,FO,1569911562,1569952872,3600,2610806,Vagur,200
53.59,-116.44,804,Clouds,overcast clouds,04d,stations,28.4,1016,92,28.4,28.4,14484,3.36,200,90,1569947044,1,794,0.0083,CA,1569937629,1569979416,-21600,5946820,Edson,200
56.36,114.84,801,Clouds,few clouds,02n,stations,24.34,1026.02,79,24.34,24.34,,6.98,339.722,22,1569947044,,,0.0054,RU,1569968653,1570010162,28800,2015701,Taksimo,200
-16.99,145.42,803,Clouds,broken clouds,04n,stations,70.45,1018,83,64,73.4,10000,6.93,150,75,1569947045,1,9490,0.0062,AU,1569960019,1570004122,36000,2158767,Mareeba,200
-20.41,57.7,801,Clouds,few clouds,02n,stations,73.17,1020,78,73,73.4,10000,8.05,90,20,1569947045,1,2061,0.009,MU,1569894656,1569938821,14400,934322,Mahebourg,200
-3.41,-39.03,801,Clouds,few clouds,02d,stations,86.27,1011,48,86,87.8,10000,20.8,90,20,1569947045,1,8363,0.0095,BR,1569918104,1569961793,-10800,3393115,Paracuru,200
36.8,4.25,802,Clouds,scattered clouds,03d,stations,76.72,1009.86,52,76.72,76.72,,2.1,216.493,25,1569947046,,,0.0063,DZ,1569908266,1569950861,3600,2476396,Timizart,200
63.75,-68.52,802,Clouds,scattered clouds,03d,stations,39.09,1012,60,39,39.2,48279,5.82,160,40,1569947046,1,797,0.0067,CA,1569926508,1569967541,-14400,5983720,Iqaluit,200
38.52,-28.7,802,Clouds,scattered clouds,03d,stations,75.2,1014,88,75.2,75.2,10000,9.17,140,40,1569947046,1,6883,0.0076,PT,1569916208,1569958731,0,3372707,Ribeira Grande,200
34.96,-90.03,801,Clouds,few clouds,02d,stations,89.1,1020,52,84.99,93,16093,4.7,250,20,1569947047,1,4867,0.0073,US,1569930874,1569973496,-18000,4430400,Horn Lake,200
-1.57,9.26,804,Clouds,overcast clouds,04d,stations,76.9,1008.79,79,76.9,76.9,,12.19,210.295,92,1569947047,,,0.0072,GA,1569906541,1569950181,3600,2396853,Omboue,200
21.46,-71.14,802,Clouds,scattered clouds,03d,stations,87.8,1011,89,87.8,87.8,10000,3.74,48.575,40,1569947047,1,7041,0.009,TC,1569926136,1569969170,-14400,3576994,Cockburn Town,200
17.2,-25.09,804,Clouds,overcast clouds,04d,stations,76.72,1014.05,82,76.72,76.72,,11.9,46.804,100,1569947047,,,0.0059,CV,1569915025,1569958182,-3600,3374346,Ponta do Sol,200
37.72,-25.43,803,Clouds,broken clouds,04d,stations,76.51,1017,88,73.4,79,10000,9.17,140,75,1569947048,1,6899,0.0099,PT,1569915409,1569957961,0,3372472,Vila Franca do Campo,200
-13.88,167.55,500,Rain,light rain,10n,stations,78.8,1013,94,78.8,78.8,,10.29,20,100,1569947048,1,7307,0.0067,VU,1569954760,1569998761,39600,2134814,Sola,200
20.52,-13.05,801,Clouds,few clouds,02d,stations,111.1,1007.56,6,111.1,111.1,,19.82,82.784,12,1569946846,,,0.0067,MR,1569912179,1569955250,0,2381334,Atar,200
34.73,135.41,803,Clouds,broken clouds,04n,stations,74.97,1018,88,73,77,10000,5.82,60,75,1569947049,1,7962,0.007,JP,1569963182,1570005763,32400,1865387,Amagasaki,200
11.67,92.75,803,Clouds,broken clouds,04n,stations,82.48,1012.76,78,82.48,82.48,,8.28,338.245,73,1569947049,,,0.0058,IN,1569886672,1569929984,19800,1259385,Port Blair,200
-28.77,32.06,802,Clouds,scattered clouds,03n,stations,67,1023.99,67,67,67,,18.1,166.629,31,1569947049,,,0.0065,ZA,1569900662,1569945119,7200,962367,Richards Bay,200
10.57,72.64,804,Clouds,overcast clouds,04n,stations,82.12,1011.58,67,82.12,82.12,,3.38,198.951,100,1569947050,,,0.0081,IN,1569891485,1569934822,19800,1267390,Kavaratti,200
59.36,143.24,804,Clouds,overcast clouds,04n,stations,37.48,1008.9,71,37.48,37.48,,2.21,180.58,100,1569947050,,,0.0055,RU,1569961944,1570003243,36000,2122605,Okhotsk,200
2.74,23.78,500,Rain,light rain,10n,stations,82.12,1006.09,68,82.12,82.12,,3.74,249.059,95,1569947050,,,0.0066,CD,1569903112,1569946642,7200,220448,Aketi,200
41.72,-8.86,802,Clouds,scattered clouds,03d,stations,68.29,1018,82,66.99,69.01,10000,8.05,310,40,1569947050,1,6900,0.0069,PT,1569911502,1569953916,3600,2742765,Areosa,200
45.43,40.58,500,Rain,light rain,10n,stations,66,1010,62,66,66,,6.69,235.933,68,1569947051,3,2018347,0.0061,RU,1569899701,1569941991,10800,540761,Kropotkin,200
20.45,-102.13,802,Clouds,scattered clouds,03d,stations,64.66,1015.3,86,64.66,64.66,,2.82,94.402,28,1569947051,,,0.0059,MX,1569933561,1569976616,-18000,4012045,Degollado,200
70.86,29.09,521,Rain,shower rain,09n,stations,39.16,1011,65,35.6,41,10000,28.86,60,75,1569947051,1,1620,0.007,NO,1569903504,1569943703,7200,780687,Berlevag,200
37.46,-122.43,800,Clear,clear sky,01d,stations,55.2,1016,81,48,60.01,14484,3.8,12.543,1,1569947052,1,4322,0.0099,US,1569938698,1569981221,-25200,5354943,Half Moon Bay,200
-1.8,37.62,501,Rain,moderate rain,10n,stations,75.1,1009.72,62,75.1,75.1,,12.15,129.673,100,1569947052,,,0.0068,KE,1569899734,1569943379,10800,188080,Makueni,200
7.98,49.82,800,Clear,clear sky,01n,stations,76.9,1009.85,72,76.9,76.9,,13.33,134.504,0,1569947053,,,0.0065,SO,1569896929,1569940329,10800,60019,Eyl,200
-0.28,20.88,802,Clouds,scattered clouds,03d,stations,85.9,1005.31,60,85.9,85.9,,3.09,254.174,42,1569947053,,,0.0067,CD,1569903770,1569947376,3600,218680,Boende,200
46.19,-82.96,804,Clouds,overcast clouds,04d,stations,66.24,1012,88,64.4,68,16093,8.05,320,90,1569947054,1,3858,0.0065,CA,1569929393,1569971585,-14400,5903851,Blind River,200
-5.2,-35.46,802,Clouds,scattered clouds,03d,stations,86,1011,51,86,86,10000,18.34,140,40,1569947054,1,8452,0.0062,BR,1569917223,1569960960,-10800,3386213,Touros,200
-16.1,23.3,804,Clouds,overcast clouds,04n,stations,93.28,1005.53,8,93.28,93.28,,7.4,194.007,99,1569947055,,,0.0065,ZM,1569902973,1569947012,7200,898947,Senanga,200
-20.23,164.02,804,Clouds,overcast clouds,04n,stations,71.14,1019.54,80,71.14,71.14,,20.76,131.317,100,1569947055,,,0.0062,NC,1569955504,1569999711,39600,2138555,Poum,200
7.32,13.58,211,Thunderstorm,thunderstorm,11d,stations,77,1013,65,77,77,10000,4.7,320,75,1569947055,1,2092,0.0066,CM,1569905618,1569949031,3600,2224827,Ngaoundere,200
3.38,-59.8,803,Clouds,broken clouds,04d,stations,90.58,1010.34,50,90.58,90.58,,11.59,61.078,80,1569947056,,,0.0066,GY,1569923176,1569966687,-14400,3379316,Lethem,200
54.17,74.7,801,Clouds,few clouds,02n,stations,41.98,1029.47,67,41.98,41.98,,7.07,236.809,14,1569947056,,,0.0064,RU,1569891715,1569933604,21600,1496633,Novovarshavka,200
-3.46,-40.21,800,Clear,clear sky,01d,stations,93.1,1010.05,33,93.1,93.1,,8.25,117.913,0,1569947057,,,0.0068,BR,1569918386,1569962076,-10800,3389387,Santana do Acarau,200
51.48,140.77,800,Clear,clear sky,01n,stations,45.76,1013.58,78,45.76,45.76,,4.05,161.335,2,1569947057,,,0.006,RU,1569962265,1570004107,36000,2126018,De-Kastri,200
32.72,-102.64,804,Clouds,overcast clouds,04d,stations,76.15,1017,69,73.4,78.8,16093,16.11,180,90,1569947057,1,4240,0.0055,US,1569933865,1569976557,-18000,5530452,Seminole,200
60.73,77.6,500,Rain,light rain,10n,stations,41,1014,93,41,41,10000,11.18,200,90,1569947058,1,8986,0.0089,RU,1569891238,1569932689,25200,1490796,Strezhevoy,200
38.05,-84.5,800,Clear,clear sky,01d,stations,89.47,1020,41,87.01,91.99,16093,8.05,250,1,1569946893,1,4696,0.0073,US,1569929600,1569972117,-14400,4297983,Lexington,200
43.38,-2.98,803,Clouds,broken clouds,04d,stations,66.69,1014,73,61,71.6,10000,13.87,300,75,1569947058,1,6395,0.0073,ES,1569910122,1569952474,7200,3108702,Sopelana,200
55.6,73.49,801,Clouds,few clouds,02n,stations,40.54,1026.46,75,40.54,40.54,,11.1,226.905,17,1569947059,,,0.0063,RU,1569892047,1569933852,21600,1493004,Sargatskoye,200
24.68,116.14,800,Clear,clear sky,01n,stations,72.76,1011.37,65,72.76,72.76,,1.28,313.787,0,1569947059,,,0.0089,CN,1569967645,1570010547,28800,1806041,Jiaocheng,200
50.38,90.44,804,Clouds,overcast clouds,04n,stations,12.46,1027.52,88,12.46,12.46,,6.78,28.146,100,1569947060,,,0.0057,RU,1569887834,1569929932,25200,1498283,Mugur-Aksy,200
-17.91,15.98,800,Clear,clear sky,01d,stations,93.2,1013,7,93.2,93.2,10000,3.36,100,0,1569947060,1,2267,0.0066,NA,1569904702,1569948796,7200,3354247,Ondangwa,200
-20.95,164.69,804,Clouds,overcast clouds,04n,stations,69.7,1020.04,79,69.7,69.7,,20.4,126.691,100,1569947060,,,0.0056,NC,1569955331,1569999563,39600,2137748,Voh,200
-3.71,-38.6,801,Clouds,few clouds,02d,stations,86.49,1011,48,86,87.8,10000,20.8,90,20,1569947061,1,8363,0.007,BR,1569917996,1569961693,-10800,6320062,Vila Velha,200
43.11,144.15,800,Clear,clear sky,01n,stations,55.3,1020.15,94,55.3,55.3,,2.48,348.01,0,1569947061,,,0.0064,JP,1569961245,1570003505,32400,2129072,Kushiro,200
66.04,-17.34,800,Clear,clear sky,01d,stations,44.6,1022,48,44.6,44.6,10000,17.22,99,0,1569947061,1,83,0.0084,IS,1569914326,1569955162,0,2629833,Husavik,200
56.84,124.9,803,Clouds,broken clouds,04n,stations,19.48,1023.59,93,19.48,19.48,,3.83,286.41,66,1569947062,,,0.0062,RU,1569966253,1570007735,32400,2025261,Chulman,200
6.62,73.07,802,Clouds,scattered clouds,03n,stations,83.02,1010.7,74,83.02,83.02,,10.74,132.609,43,1569947062,,,0.0078,MV,1569891333,1569934768,18000,1337613,Kulhudhuffushi,200
-0.91,122.88,804,Clouds,overcast clouds,04n,stations,61.06,1013.55,97,61.06,61.06,,3.98,191.013,85,1569947063,,,0.0065,ID,1569965666,1570009291,28800,1637001,Biak,200
9.88,-11.17,500,Rain,light rain,10d,stations,84.46,1008.31,70,84.46,84.46,,5.19,274.776,53,1569947063,,,0.0062,SL,1569911590,1569954937,0,2409019,Gberia Fotombu,200
-6.42,20.79,803,Clouds,broken clouds,04d,stations,78.16,1006.69,70,78.16,78.16,,5.44,215.497,72,1569947063,,,0.0059,CD,1569903711,1569947478,7200,204953,Tshikapa,200
25.02,37.27,800,Clear,clear sky,01n,stations,83.92,1006.85,75,83.92,83.92,,6.49,5.35,0,1569947064,,,0.0061,SA,1569900160,1569943120,10800,100926,Umm Lajj,200
67.65,134.64,804,Clouds,overcast clouds,04n,stations,21.46,1009.26,88,21.46,21.46,,1.66,270.232,88,1569947064,,,0.007,RU,1569964473,1570004841,36000,2027044,Batagay,200
-7.75,-34.83,802,Clouds,scattered clouds,03d,stations,83.35,1012,65,82.4,84.2,10000,11.41,120,40,1569947064,1,8426,0.0063,BR,1569917037,1569960843,-10800,3397963,Itamaraca,200
50.86,0.58,521,Rain,shower rain,09d,stations,62.06,998,82,59,64.99,10000,17.22,240,20,1569946872,1,1420,0.0088,GB,1569909435,1569951453,3600,2647356,Hastings,200
67.47,78.7,500,Rain,light rain,10n,stations,36.58,1005.98,97,36.58,36.58,,6.89,198.57,100,1569947065,,,0.0072,RU,1569891311,1569932088,18000,1489853,Tazovskiy,200
-22.95,14.51,800,Clear,clear sky,01d,stations,72.39,1011,12,63,87.8,10000,19.46,230,0,1569947065,1,2288,0.0063,NA,1569904974,1569949229,7200,3359638,Walvis Bay,200
65.95,111.51,803,Clouds,broken clouds,04n,stations,21.2,1015,100,21.2,21.2,10000,4.47,280,75,1569947065,1,8846,0.006,RU,1569969918,1570010495,32400,2027296,Aykhal,200
71.64,128.87,804,Clouds,overcast clouds,04n,stations,28.66,1004.01,96,28.66,28.66,,12.71,305.562,100,1569947066,,,0.0079,RU,1569966219,1570005864,32400,2015306,Tiksi,200
-27.6,-48.55,801,Clouds,few clouds,02d,stations,73.78,1013,69,68,79,10000,21.92,360,20,1569947066,1,8360,0.0073,BR,1569920014,1569964450,-10800,3463237,Florianopolis,200
40.71,112.04,800,Clear,clear sky,01n,stations,60.8,1016,63,60.8,60.8,10000,2.24,,0,1569947067,1,9612,0.0064,CN,1569968907,1570011252,28800,2052479,Zhuhai,200
2.33,-72.63,800,Clear,clear sky,01d,stations,87.88,1010.81,56,87.88,87.88,,4.45,28.592,5,1569947067,,,0.0064,CO,1569926241,1569969779,-18000,3792387,El Retorno,200
37.28,-107.88,800,Clear,clear sky,01d,stations,62.13,1018,50,55.99,68,16093,4.56,124.946,1,1569947068,1,3856,0.0078,US,1569935201,1569977736,-21600,5420241,Durango,200
25.35,85.03,701,Mist,mist,50n,stations,77,1009,100,77,77,3500,1.39,349.827,40,1569947068,1,9129,0.0078,IN,1569888699,1569931662,19800,1269557,Masaurhi,200
-3.27,29.62,500,Rain,light rain,10n,stations,65.92,1009.09,80,65.92,65.92,,1.3,107.839,89,1569947068,,,0.0058,BI,1569901634,1569945318,7200,425551,Muramvya,200
-7.71,110.6,804,Clouds,overcast clouds,04n,stations,65.92,1014.99,88,65.92,65.92,,2.95,279.305,100,1569947068,,,0.006,ID,1569882148,1569925943,25200,1639900,Klaten,200
-17.73,-39.27,500,Rain,light rain,10d,stations,75.46,1017.89,77,75.46,75.46,,13.94,116.664,72,1569947069,,,0.0084,BR,1569917957,1569962055,-10800,3466980,Caravelas,200
-45.58,-72.07,803,Clouds,broken clouds,04d,stations,42.24,1016,52,41,44.6,10000,4.7,250,75,1569947069,1,8491,0.0073,CL,1569925217,1569970535,-10800,3894426,Coihaique,200
34.64,-120.46,800,Clear,clear sky,01d,stations,59.32,1014,62,53.01,66.2,16093,3.36,,1,1569947011,1,4747,0.0078,US,1569938176,1569980797,-25200,5367788,Lompoc,200
70.37,31.11,521,Rain,shower rain,09n,stations,37.4,1008,64,35.6,39.2,10000,21.92,50,75,1569947070,1,1682,0.0093,NO,1569902975,1569943262,7200,777019,Vardo,200
-7.95,110.28,804,Clouds,overcast clouds,04n,stations,74.38,1015.25,90,74.38,74.38,,5.95,88.643,91,1569946777,,,0.0057,ID,1569882221,1569926023,25200,1650434,Bambanglipuro,200
12.24,109.19,801,Clouds,few clouds,02n,stations,82.4,1013,94,82.4,82.4,10000,4.7,290,20,1569947070,1,9304,0.006,VN,1569882734,1569926034,25200,1572151,Nha Trang,200
50.7,-127.42,803,Clouds,broken clouds,04d,stations,42.8,1021,93,42.8,42.8,16093,2.24,100,75,1569947070,1,1011,0.0076,CA,1569940185,1569982129,-25200,6111862,Port Hardy,200
26.59,12.77,800,Clear,clear sky,01d,stations,91.3,1010.68,13,91.3,91.3,,8.93,5.321,0,1569947071,,,0.0059,LY,1569906064,1569948974,7200,2219235,Awbari,200
18.48,31.82,804,Clouds,overcast clouds,04n,stations,101.02,1004.42,20,101.02,101.02,,4.05,96.246,100,1569947071,,,0.0054,SD,1569901382,1569944514,7200,370481,Marawi,200
42.77,-9.06,802,Clouds,scattered clouds,03d,stations,66.63,1018,68,64.4,69.01,10000,9.17,250,40,1569947071,1,6434,0.0066,ES,1569911571,1569953943,7200,3115824,Muros,200
37.17,-99.65,501,Rain,moderate rain,10d,stations,70,961,89,70,70,,15.99,9,100,1569947072,3,2021131,0.0063,US,1569933223,1569975764,-18000,4267710,Sitka,200
20.05,-75.95,801,Clouds,few clouds,02d,stations,84.2,1010,66,84.2,84.2,9000,6.93,130,20,1569947072,1,7240,0.0078,CU,1569927271,1569970343,-14400,3561408,El Cobre,200
49.78,-74.86,500,Rain,light rain,10d,stations,37.4,1008,93,37.4,37.4,8047,11.41,120,90,1569947073,1,859,0.0058,CA,1569927533,1569969558,-14400,5919850,Chapais,200
-0.41,-65.02,804,Clouds,overcast clouds,04d,stations,92.74,1009.86,46,92.74,92.74,,4.38,49.491,100,1569947073,,,0.0105,BR,1569924379,1569967989,-14400,3662489,Santa Isabel do Rio Negro,200
-5.56,150.15,804,Clouds,overcast clouds,04n,stations,72.4,1010.79,91,72.4,72.4,,3,194.275,93,1569947073,,,0.0056,PG,1569959058,1570002813,36000,2093967,Kimbe,200
17.02,-25.06,804,Clouds,overcast clouds,04d,stations,77.98,1013.87,81,77.98,77.98,,11.48,19.838,100,1569947074,,,0.0061,CV,1569915015,1569958177,-3600,3374336,Porto Novo,200
-23.86,35.35,201,Thunderstorm,thunderstorm with rain,11n,stations,64.4,1019,93,64.4,64.4,9000,6.93,180,75,1569947074,1,2200,0.0062,MZ,1569899960,1569944242,7200,1039536,Maxixe,200
24.19,102.82,803,Clouds,broken clouds,04n,stations,57.46,1013.12,95,57.46,57.46,,2.91,208.99,65,1569947074,,,0.0071,CN,1569970835,1570013749,28800,1787599,Xingyi,200
-24.87,152.35,500,Rain,light rain,10n,stations,62.78,1026,100,62.6,63,10000,10.29,140,75,1569947075,1,9501,0.0082,AU,1569958220,1570002595,36000,2173323,Bundaberg,200
53.84,57.45,801,Clouds,few clouds,02n,stations,38.2,1021.18,88,38.2,38.2,,6.24,158.557,20,1569947075,,,0.0058,RU,1569895850,1569937746,18000,480637,Tukan,200
30.04,-94.42,803,Clouds,broken clouds,04d,stations,87.19,1018,62,84,89.6,16093,5.82,120,75,1569947075,1,3476,0.008,US,1569931849,1569974628,-18000,4732862,Nome,200
60.72,-135.06,803,Clouds,broken clouds,04d,stations,45.57,1004,87,44.01,46.4,64372,20.8,160,75,1569947076,1,983,0.0086,CA,1569942362,1569983618,-25200,6180550,Whitehorse,200
14.76,5.77,211,Thunderstorm,thunderstorm,11d,stations,96.8,1009,39,96.8,96.8,10000,6.93,60,20,1569947076,1,1189,0.0055,NE,1569907586,1569950811,3600,2442478,Keita,200
66.56,67.8,500,Rain,light rain,10n,stations,37.66,1001.59,98,37.66,37.66,,9.24,210.247,100,1569947076,,,0.0074,RU,1569893877,1569934752,18000,1512019,Aksarka,200
-0.5,117.14,804,Clouds,overcast clouds,04n,stations,73.66,1012.1,95,73.66,73.66,,1.81,195.124,100,1569947077,,,0.0055,ID,1569967049,1570010663,28800,1629001,Samarinda,200
42.62,-113.68,801,Clouds,few clouds,02d,stations,38.52,1016,80,37.4,41,16093,8.05,260,20,1569947077,1,3536,0.0084,US,1569936695,1569979024,-21600,5606000,Rupert,200
-3.66,152.44,500,Rain,light rain,10n,stations,78.16,1010.38,85,78.16,78.16,,8.37,132.693,98,1569947077,,,0.0063,PG,1569958535,1570002237,36000,2090021,Namatanai,200
27.63,85.52,802,Clouds,scattered clouds,03n,stations,68,1017,94,68,68,8000,3.36,220,40,1569946930,1,9201,0.0059,NP,1569888613,1569931513,20700,1283679,Banepa,200
-23.13,150.74,803,Clouds,broken clouds,04n,stations,64.4,1024,82,64.4,64.4,10000,6.93,140,75,1569947078,1,9499,0.0058,AU,1569958638,1570002950,36000,2142316,Yeppoon,200
-2.72,10.02,802,Clouds,scattered clouds,03d,stations,79.06,1008.39,72,79.06,79.06,,9.6,216.68,44,1569947078,,,0.0079,GA,1569906344,1569950014,3600,2400547,Gamba,200
-14.83,-64.9,803,Clouds,broken clouds,04d,stations,87.8,1010,58,87.8,87.8,8000,17.22,340,75,1569947079,1,8641,0.0072,BO,1569924149,1569968162,-14400,3902377,Trinidad,200
16.91,97.37,800,Clear,clear sky,01n,stations,83.92,1011.53,79,83.92,83.92,,10.8,208.013,2,1569947079,,,0.0105,MM,1569885628,1569928811,23400,1292288,Thaton,200
-22.46,-68.93,803,Clouds,broken clouds,04d,stations,64.72,1023,23,64.4,64.99,10000,23.04,260,75,1569947079,1,8480,0.0071,CL,1569924994,1569969251,-10800,3897347,Calama,200
48.01,91.64,803,Clouds,broken clouds,04n,stations,33.7,1021.16,41,33.7,33.7,,5.82,103.491,62,1569947080,,,0.0062,MN,1569887491,1569929699,25200,1516048,Hovd,200
14.04,-83.39,501,Rain,moderate rain,10d,stations,82.4,1008,88,82.4,82.4,6000,4.7,320,40,1569947080,1,7181,0.0075,NI,1569928976,1569972208,-21600,3617154,Puerto Cabezas,200
-35.17,173.16,500,Rain,light rain,10n,stations,46,1015,100,46,46,,30.33,218.239,5,1569947081,3,2016422,0.0086,NZ,1569953015,1569997813,46800,2194098,Ahipara,200
50.2,-66.38,803,Clouds,broken clouds,04d,stations,42.04,1019,52,41,43,48279,5.82,30,75,1569947044,1,1013,0.0067,CA,1569925506,1569967515,-14400,6144312,Sept-Iles,200
6.12,81.12,211,Thunderstorm,thunderstorm,11n,stations,75.2,1013,100,75.2,75.2,10000,3.36,330,40,1569947082,1,9124,0.0062,LK,1569889395,1569932843,19800,1244926,Hambantota,200
31.46,-100.44,804,Clouds,overcast clouds,04d,stations,82.9,1016,58,81,84.2,16093,12.75,180,90,1569947083,1,5851,0.0072,US,1569933317,1569976049,-18000,5530022,San Angelo,200
70.03,20.97,521,Rain,shower rain,09n,stations,42.8,1008,67,42.8,42.8,10000,26.4,60,75,1569946938,1,1672,0.0068,NO,1569905387,1569945716,7200,777682,Skjervoy,200
57.84,108.35,802,Clouds,scattered clouds,03n,stations,25.42,1029.69,79,25.42,25.42,,3.29,279.129,32,1569947083,,,0.0066,RU,1569970269,1570011661,28800,2022083,Alekseyevsk,200
45.61,5.16,201,Thunderstorm,thunderstorm with rain,11d,stations,67.44,1008,53,60.01,73.99,10000,11.41,250,75,1569947084,1,6498,0.0078,FR,1569908213,1569950477,7200,2968771,Villefontaine,200
-43.3,-65.11,800,Clear,clear sky,01d,stations,48.82,1014.08,24,48.82,48.82,,18.23,251.63,0,1569947084,,,0.0066,AR,1569923619,1569968793,-10800,3839307,Rawson,200
50.11,-120.79,803,Clouds,broken clouds,04d,stations,38.79,1022,81,36,42.8,14484,3.33,179.229,75,1569947084,1,368,0.0063,CA,1569938576,1569980556,-25200,6072350,Merritt,200
24.03,-74.52,500,Rain,light rain,10d,stations,81.04,1010.94,79,81.04,81.04,,16.42,82.465,100,1569947085,,,0.0059,BS,1569926983,1569969944,-14400,3572627,Cockburn Town,200
-45.87,-67.48,802,Clouds,scattered clouds,03d,stations,48.2,1015,34,48.2,48.2,10000,12.75,230,40,1569947085,1,8284,0.0072,AR,1569924108,1569969441,-10800,3860443,Comodoro Rivadavia,200
-5.63,32.75,802,Clouds,scattered clouds,03n,stations,87.8,1011,35,87.8,87.8,10000,11.41,360,40,1569947085,1,2625,0.0063,TZ,1569900852,1569944597,10800,149929,Sikonge,200
-8.63,122.22,800,Clear,clear sky,01n,stations,75.82,1013.51,62,75.82,75.82,,3.83,190.803,0,1569947086,,,0.0062,ID,1569965714,1570009560,28800,1635815,Maumere,200
20.71,-105.21,803,Clouds,broken clouds,04d,stations,81.91,1010,83,80.6,82.99,24140,8.3,20.178,75,1569947086,1,7156,0.0061,MX,1569934304,1569977351,-18000,4004293,Ixtapa,200
-51.62,-69.22,803,Clouds,broken clouds,04d,stations,42.8,1009,45,42.8,42.8,10000,23.04,230,75,1569946923,1,8293,0.0072,AR,1569924314,1569970070,-10800,3838859,Rio Gallegos,200
33.3,44.38,803,Clouds,broken clouds,04n,stations,89.6,1007,29,89.6,89.6,10000,5.82,30,75,1569947059,1,7597,0.0078,IQ,1569898573,1569941296,10800,98182,Baghdad,200
4.36,96.17,804,Clouds,overcast clouds,04n,stations,73.12,1013.77,95,73.12,73.12,,2.19,51.111,100,1569947087,,,0.007,ID,1569885762,1569929253,25200,6705237,Simpang,200
16.28,-0.04,804,Clouds,overcast clouds,04d,stations,102.64,1005.29,18,102.64,102.64,,7.54,108.977,100,1569947088,,,0.0057,ML,1569909000,1569952185,0,2457163,Gao,200
-9.67,-35.74,802,Clouds,scattered clouds,03d,stations,84.2,1013,58,84.2,84.2,10000,11.41,110,40,1569947088,1,8413,0.0073,BR,1569917229,1569961089,-10800,3395981,Maceio,200
6.54,21.99,501,Rain,moderate rain,10n,stations,76.9,1007.16,92,76.9,76.9,,2.82,289.14,34,1569947089,,,0.0091,CF,1569903590,1569947024,3600,239899,Bria,200
29.72,112.52,800,Clear,clear sky,01n,stations,75.82,1011.53,43,75.82,75.82,,4.52,47.95,0,1569947089,,,0.0068,CN,1569968593,1570011336,28800,1788268,Dongsheng,200
44.77,-117.83,803,Clouds,broken clouds,04d,stations,39.9,1019,65,33.01,44.6,16093,8.05,360,75,1569947089,1,3453,0.0068,US,1569937738,1569979974,-25200,5712169,Baker City,200
24.09,32.9,800,Clear,clear sky,01n,stations,96.8,1008,14,96.8,96.8,10000,6.93,360,0,1569947090,1,2526,0.007,EG,1569901197,1569944181,7200,359792,Aswan,200
12.22,125.48,801,Clouds,few clouds,02n,stations,75.1,1012.41,94,75.1,75.1,,2.98,135.82,12,1569947090,,,0.0069,PH,1569965224,1570008486,28800,1731248,Alugan,200
17.54,44.22,800,Clear,clear sky,01n,stations,86,1014,27,86,86,10000,8.05,60,0,1569947090,1,7421,0.0066,SA,1569898393,1569941552,10800,103630,Najran,200
52.05,29.27,802,Clouds,scattered clouds,03n,stations,54.04,1008.48,68,54.04,54.04,,7.96,262.304,39,1569947090,,,0.0078,BY,1569902573,1569944547,10800,625324,Mazyr,200
20.89,-156.47,800,Clear,clear sky,01d,stations,73.65,1013,69,69.8,77,16093,11.41,50,1,1569946929,1,7879,0.0068,US,1569946611,1569989643,-36000,5847411,Kahului,200
41.21,36.97,800,Clear,clear sky,01n,stations,71.24,1014,82,64.4,72,10000,4.7,,0,1569947091,1,7017,0.0077,TR,1569900486,1569942939,10800,738803,Terme,200
-33.01,17.94,801,Clouds,few clouds,02d,stations,69.8,1018,37,69.8,69.8,,13.87,200,19,1569946936,1,1943,0.0052,ZA,1569903963,1569948593,7200,3361934,Saldanha,200
-32.25,148.6,800,Clear,clear sky,01n,stations,59,1027,54,59,59,10000,13.87,70,0,1569947093,1,9596,0.0089,AU,1569958970,1570003644,36000,2168305,Dubbo,200
10.22,76.22,721,Haze,haze,50n,stations,80.6,1013,88,80.6,80.6,4000,5.82,50,75,1569947093,1,9211,0.0068,IN,1569890621,1569933968,19800,1266452,Methala,200
35.37,132.75,803,Clouds,broken clouds,04n,stations,73.4,1018,88,73.4,73.4,10000,4.7,200,75,1569947093,1,8028,0.012,JP,1569963832,1570006389,32400,1861084,Izumo,200
26.54,-77.06,500,Rain,light rain,10d,stations,80.5,1012.89,80,80.5,80.5,,23.58,60.915,20,1569947094,,,0.0079,BS,1569927629,1569970517,-14400,3571913,Marsh Harbour,200
38.42,141.3,803,Clouds,broken clouds,04n,stations,61.6,1021.3,76,61.6,61.6,,4.12,345.233,58,1569947094,,,0.0079,JP,1569961835,1570004283,32400,2112576,Ishinomaki,200
-37.83,140.78,802,Clouds,scattered clouds,03n,stations,53.6,1022,50,53.6,53.6,10000,8.05,30,30,1569947095,1,9560,0.0087,AU,1569960713,1570005655,34200,2156643,Mount Gambier,200
39.15,-123.21,800,Clear,clear sky,01d,stations,49.48,1017,70,45,57,16093,4.27,50.894,1,1569946976,1,6129,0.0088,US,1569938917,1569981377,-25200,5404476,Ukiah,200
50.59,15.16,803,Clouds,broken clouds,04d,stations,61.27,1004,82,55.99,64,10000,6.93,230,75,1569947095,1,6835,0.0353,CZ,1569905925,1569947966,7200,3063853,Turnov,200
46.92,-98,804,Clouds,overcast clouds,04d,stations,41.61,1022,93,41,42.8,16093,11.41,350,90,1569947095,1,3386,0.0074,US,1569933022,1569975173,-18000,5062292,Valley City,200
-18.17,49.38,803,Clouds,broken clouds,04n,stations,77,1017,78,77,77,10000,6.93,30,75,1569947096,1,2139,0.0076,MG,1569896686,1569940783,10800,1053384,Toamasina,200
25.36,55.39,721,Haze,haze,50n,stations,90.32,1006,70,87.8,91.4,6000,6.93,360,5,1569947096,1,7537,0.006,AE,1569895815,1569938770,14400,292672,Sharjah,200
-32.72,152.14,800,Clear,clear sky,01n,stations,54.43,1028,93,50,59,10000,4.7,300,0,1569947097,1,9605,0.008,AU,1569958111,1570002805,36000,2155562,Nelson Bay,200
39.51,54.36,800,Clear,clear sky,01n,stations,77.62,1012.3,22,77.62,77.62,,16.55,107.36,0,1569947097,,,0.008,TM,1569896278,1569938801,18000,161616,Balkanabat,200
5.38,-52.96,800,Clear,clear sky,01d,stations,82.3,1010.39,76,82.3,82.3,,10.92,87.378,4,1569947098,,,0.0071,GF,1569921561,1569965020,-10800,3380290,Sinnamary,200
5.65,37.37,803,Clouds,broken clouds,04n,stations,88.24,1007.94,34,88.24,88.24,,4.29,265.003,74,1569947098,,,0.0086,ET,1569899888,1569943345,10800,336526,Gidole,200
9.19,117.81,500,Rain,light rain,10n,stations,81.4,1012.95,76,81.4,81.4,,4.03,176.815,49,1569947098,,,0.006,PH,1569967023,1570010368,28800,1684245,Tagusao,200
7.71,81.69,501,Rain,moderate rain,10n,stations,76.36,1012.49,88,76.36,76.36,,3.38,165.844,3,1569947098,,,0.008,LK,1569889278,1569932686,19800,1250161,Batticaloa,200
23.92,-99.28,802,Clouds,scattered clouds,03d,stations,87.8,1015,55,87.8,87.8,11265,3.78,97.741,40,1569947099,1,7112,0.0058,MX,1569932925,1569975884,-18000,3527413,Graciano Sanchez,200
53.86,21.31,500,Rain,light rain,10n,stations,55.4,999,82,55.4,55.4,10000,9.17,190,75,1569947099,1,1709,0.0057,PL,1569904535,1569946404,7200,764312,Mragowo,200
28.39,-105.62,802,Clouds,scattered clouds,03d,stations,73.4,1018,73,73.4,73.4,16093,1.9,193.595,40,1569947099,1,7111,0.0074,MX,1569934513,1569977339,-21600,3996234,Lazaro Cardenas,200
-5.56,12.19,801,Clouds,few clouds,02d,stations,73.4,1009,64,73.4,73.4,10000,16.11,260,20,1569947100,1,2165,0.0075,AO,1569905786,1569949530,3600,2243271,Cabinda,200
64.9,45.76,804,Clouds,overcast clouds,04n,stations,45.76,994.51,97,45.76,45.76,,4.88,82.536,99,1569947100,,,0.006,RU,1569899085,1569940121,10800,535839,Leshukonskoye,200
-22.67,167.48,804,Clouds,overcast clouds,04n,stations,68.8,1021.33,77,68.8,68.8,,19.3,139.969,100,1569947101,,,0.0073,NC,1569954631,1569998923,39600,2137773,Vao,200
-32.03,-52.1,800,Clear,clear sky,01d,stations,82.36,1004,54,81,84.2,10000,11.41,90,0,1569947101,1,8408,0.007,BR,1569920778,1569965390,-10800,3451138,Rio Grande,200
52.79,52.25,804,Clouds,overcast clouds,04n,stations,52.42,1015.32,54,52.42,52.42,,11.36,166.338,100,1569947102,,,0.0077,RU,1569897071,1569939021,18000,570427,Buzuluk,200
-9.07,-68.66,804,Clouds,overcast clouds,04d,stations,85.54,1011.81,58,85.54,85.54,,6.6,21.491,92,1569947102,,,0.0074,BR,1569925135,1569968980,-18000,3662155,Sena Madureira,200
69.31,16.12,801,Clouds,few clouds,02n,stations,46.4,1004,61,46.4,46.4,10000,20.8,80,20,1569947103,1,1603,0.0084,NO,1569906497,1569946933,7200,3163146,Andenes,200
50.32,-122.8,804,Clouds,overcast clouds,04d,stations,37.4,1021,93,37.4,37.4,24140,2.24,50,90,1569947103,1,146,0.0054,CA,1569939064,1569981032,-25200,6100799,Pemberton,200
-25.04,33.64,804,Clouds,overcast clouds,04n,stations,65.56,1021.32,69,65.56,65.56,,9.01,160.877,100,1569947068,,,0.0057,MZ,1569900350,1569944673,7200,1024552,Xai-Xai,200
33.46,50.29,800,Clear,clear sky,01n,stations,64.66,1012.05,16,64.66,64.66,,10.85,240.667,0,1569947103,,,0.0058,IR,1569897157,1569939876,12600,133037,Golpayegan,200
6.04,80.22,500,Rain,light rain,10n,stations,82.66,1012.46,70,82.66,82.66,,3.04,237.118,100,1569946984,,,0.0066,LK,1569889610,1569933059,19800,1246294,Galle,200
4.42,-7.36,500,Rain,light rain,10d,stations,81.94,1008.28,77,81.94,81.94,,9.06,211.908,55,1569947104,,,0.0079,CI,1569910606,1569954092,0,2281120,Tabou,200
68.05,39.51,804,Clouds,overcast clouds,04n,stations,38.02,1000.99,81,38.02,38.02,,18.72,59.617,100,1569947104,,,0.0118,RU,1569900778,1569941428,10800,556268,Ostrovnoy,200
16.97,7.99,800,Clear,clear sky,01d,stations,98.6,1011,19,98.6,98.6,10000,21.92,100,0,1569947105,1,1190,0.0073,NE,1569907082,1569950250,3600,2448085,Agadez,200
38.48,106.21,802,Clouds,scattered clouds,03n,stations,66.99,831,44,66.99,66.99,,3,180,33,1569947105,3,2000025,0.0084,CN,1569970263,1570012694,28800,1786657,Yinchuan,200
67.67,12.69,800,Clear,clear sky,01d,stations,49.53,997,71,48.2,51.8,10000,28.86,60,0,1569947105,1,1661,0.0081,NO,1569907205,1569947872,7200,3137469,Sorland,200
-5.11,-36.64,800,Clear,clear sky,01d,stations,83.2,1011.04,59,83.2,83.2,,16.62,59.202,0,1569947106,,,0.0062,BR,1569917507,1569961242,-10800,3395998,Macau,200
33.51,133.91,500,Rain,light rain,10n,stations,76.18,1017.97,83,76.18,76.18,,1.97,66.452,100,1569947106,,,0.0062,JP,1569963521,1570006144,32400,1865449,Aki,200
-5.24,-38.13,800,Clear,clear sky,01d,stations,94.9,1010.21,29,94.9,94.9,,12.06,99.361,0,1569947106,,,0.0066,BR,1569917863,1569961601,-10800,3386984,Tabuleiro do Norte,200
-18.77,46.05,804,Clouds,overcast clouds,04n,stations,84.28,1013.08,38,84.28,84.28,,3.02,3.409,89,1569947107,,,0.007,MG,1569897476,1569941591,10800,1054463,Tsiroanomandidy,200
66.82,65.8,500,Rain,light rain,10n,stations,34.42,1000.59,99,34.42,34.42,,3.8,184.381,100,1569947107,,,0.0074,RU,1569894374,1569935215,18000,1503726,Kharp,200
-34.61,-68.33,803,Clouds,broken clouds,04d,stations,51.88,1016.29,27,51.88,51.88,,12.5,100.999,79,1569947108,,,0.0069,AR,1569924614,1569969343,-10800,3836669,San Rafael,200
11.04,20.28,500,Rain,light rain,10d,stations,83.38,1006.88,73,83.38,83.38,,1.77,257.763,60,1569947108,,,0.0049,TD,1569904057,1569947377,3600,245338,Am Timan,200
-44.7,169.14,804,Clouds,overcast clouds,04n,stations,48.99,1000,55,48.99,48.99,,1.99,234,97,1569947108,3,2011212,0.0075,NZ,1569953717,1569999040,46800,2184707,Wanaka,200
24.63,46.72,802,Clouds,scattered clouds,03n,stations,98.6,1011,18,98.6,98.6,10000,4.7,60,40,1569946822,1,7424,0.0065,SA,1569897886,1569940859,10800,108410,Riyadh,200
-3.36,135.5,500,Rain,light rain,10n,stations,69.34,1012.81,97,69.34,69.34,,0.67,218.719,93,1569947109,,,0.0058,ID,1569962604,1570006297,32400,1634614,Nabire,200
-5.5,-36.85,800,Clear,clear sky,01d,stations,96.16,1010.77,27,96.16,96.16,,10.42,100.719,0,1569947109,,,0.0079,BR,1569917553,1569961298,-10800,3398145,Ipanguacu,200
-18.06,13.84,803,Clouds,broken clouds,04d,stations,92.92,1007.86,5,92.92,92.92,,5.03,312.708,76,1569947110,,,0.0067,NA,1569905213,1569949312,7200,3354077,Opuwo,200
15.22,73.92,802,Clouds,scattered clouds,03n,stations,82.4,1012,83,82.4,82.4,6000,3.36,320,40,1569947110,1,9233,0.008,IN,1569891235,1569934458,19800,1253401,Varca,200
17.59,74.2,800,Clear,clear sky,01n,stations,69.88,1013.4,96,69.88,69.88,,4.7,274.187,0,1569947111,,,0.0061,IN,1569891198,1569934361,19800,1259026,Rahimatpur,200
-13.19,49.05,800,Clear,clear sky,01n,stations,80.68,1013.53,56,80.68,80.68,,14.63,84.534,0,1569947111,,,0.0068,MG,1569896839,1569940789,10800,1082243,Ambilobe,200
53.59,142.95,804,Clouds,overcast clouds,04n,stations,49.36,1011.96,77,49.36,49.36,,15.79,194.101,100,1569947111,,,0.0089,RU,1569961805,1570003521,39600,2122614,Okha,200
33.16,-117.35,802,Clouds,scattered clouds,03d,stations,63.27,1012,63,57,68,16093,6.93,140,40,1569946819,1,3700,0.0102,US,1569937405,1569980076,-25200,5334223,Carlsbad,200
64.57,143.24,803,Clouds,broken clouds,04n,stations,11.56,1010.58,79,11.56,11.56,,2.13,220.85,59,1569947112,,,0.0075,RU,1569962202,1570002985,36000,2120048,Ust-Nera,200
69.3,139.9,803,Clouds,broken clouds,04n,stations,11.92,1005.47,93,11.92,11.92,,10.25,242.741,52,1569947112,,,0.0069,RU,1569963339,1570003451,36000,2028164,Deputatskiy,200
50.1,-91.92,804,Clouds,overcast clouds,04d,stations,41.76,1016,87,41,42.8,24140,12.75,310,90,1569947112,1,979,0.0085,CA,1569931640,1569973638,-18000,6148373,Sioux Lookout,200
51.55,-9.27,803,Clouds,broken clouds,04d,stations,53.6,1007,71,53.6,53.6,10000,21.92,350,75,1569947113,1,1563,0.0071,IE,1569911820,1569953795,3600,2961459,Skibbereen,200
50.36,108.75,804,Clouds,overcast clouds,04n,stations,29.74,1027.97,81,29.74,29.74,,3.74,335.172,100,1569947113,,,0.0076,RU,1569969927,1570011812,32400,2012349,Krasnyy Chikoy,200
13.07,-59.53,801,Clouds,few clouds,02d,stations,87.8,1011,66,87.8,87.8,10000,14.99,120,20,1569947114,1,8772,0.0062,BB,1569923237,1569966497,-14400,3373652,Oistins,200
0.8,127.4,500,Rain,light rain,10n,stations,81.94,1012.52,76,81.94,81.94,,5.84,159.318,35,1569947114,,,0.0071,ID,1569964606,1570008183,32400,1624041,Ternate,200
47.95,44.68,500,Rain,light rain,10n,stations,61.96,1009.26,70,61.96,61.96,,9.08,261.692,100,1569947115,,,0.0055,RU,1569898770,1569940954,10800,530196,Malyye Derbety,200
30.98,-110.3,800,Clear,clear sky,01d,stations,69.17,1016,30,64.99,71.01,16093,6.91,160.902,1,1569946862,1,4096,0.0078,MX,1569935677,1569978421,-25200,4015700,Cananea,200
39.99,46.93,801,Clouds,few clouds,02n,stations,51.7,1011.33,93,51.7,51.7,,0.74,120.813,20,1569947115,,,0.0084,AZ,1569898071,1569940574,14400,148619,Agdam,200
-20.01,57.66,801,Clouds,few clouds,02n,stations,73.2,1020,78,73,73.4,10000,8.05,90,20,1569947115,1,2061,0.0063,MU,1569894672,1569938824,14400,934479,Grand Gaube,200
32.3,-64.78,803,Clouds,broken clouds,04d,stations,81.79,1013,78,81,82.4,10000,18.34,70,75,1569947116,1,8816,0.0081,BM,1569924768,1569967485,-10800,3573197,Hamilton,200
10.35,107.08,804,Clouds,overcast clouds,04n,stations,81.04,1012.77,79,81.04,81.04,,7.38,159.405,100,1569947116,,,0.007,VN,1569883217,1569926563,25200,1562414,Vung Tau,200
56.9,118.26,800,Clear,clear sky,01n,stations,19.48,1024.41,78,19.48,19.48,,7.99,311.177,0,1569947116,,,0.006,RU,1569967851,1570009323,32400,2025630,Chara,200
37.1,-8.67,800,Clear,clear sky,01d,stations,77.99,1016,65,72,82,10000,13.87,250,0,1569947116,1,6892,0.0067,PT,1569911373,1569953953,3600,2267226,Lagos,200
5.33,115.2,520,Rain,light intensity shower rain,09n,stations,76.19,1013,94,75.2,77,8000,7.14,275.443,75,1569947117,1,9372,0.006,MY,1569967596,1570011047,28800,1734240,Labuan,200
32.38,-64.68,803,Clouds,broken clouds,04d,stations,81.79,1013,78,81,82.4,10000,18.34,70,75,1569947117,1,8816,0.0125,BM,1569924745,1569967460,-10800,3573061,Saint George,200
47.24,47.04,804,Clouds,overcast clouds,04n,stations,64.48,1012.26,57,64.48,64.48,,16.22,172.235,99,1569947117,,,0.0087,RU,1569898188,1569940404,14400,467479,Yenotayevka,200
18.08,-15.98,800,Clear,clear sky,01d,stations,87.8,1008,62,87.8,87.8,8000,18.34,300,0,1569946822,1,2482,0.0081,MR,1569912850,1569955985,0,2377450,Nouakchott,200
4.92,6.26,501,Rain,moderate rain,10d,stations,77.44,1008.21,90,77.44,77.44,,4.7,221.009,100,1569947118,,,0.0068,NG,1569907344,1569950818,3600,2318123,Yenagoa,200
55.34,-123.09,804,Clouds,overcast clouds,04d,stations,37.4,1017,69,37.4,37.4,14484,5.82,160,90,1569947118,1,1016,0.0067,CA,1569939282,1569980954,-25200,6063191,Mackenzie,200
31.86,10.98,800,Clear,clear sky,01d,stations,88.24,1010.2,20,88.24,88.24,,11.3,24.317,0,1569947119,,,0.0064,LY,1569906571,1569949326,7200,2214433,Nalut,200
32.86,59.22,801,Clouds,few clouds,02n,stations,78.8,1017,10,78.8,78.8,10000,4.7,270,20,1569947062,1,7481,0.0064,IR,1569895003,1569937744,12600,140463,Birjand,200
37.5,61.97,802,Clouds,scattered clouds,03n,stations,62.6,1017,45,62.6,62.6,6000,4.7,40,40,1569947119,1,8990,0.0062,TM,1569894417,1569937011,18000,1218612,Murgab,200
-12.35,13.55,802,Clouds,scattered clouds,03d,stations,74.02,1007.23,74,74.02,74.02,,9.4,285.498,26,1569947120,,,0.0066,AO,1569905367,1569949297,3600,3347939,Lobito,200
-13.68,24.8,802,Clouds,scattered clouds,03n,stations,94.18,1003.33,11,94.18,94.18,,4.38,177.075,30,1569947120,,,0.0081,ZM,1569902649,1569946616,7200,905382,Mufumbwe,200
14.92,-23.51,803,Clouds,broken clouds,04d,stations,79.96,1012.68,83,79.96,79.96,,12.12,14.106,62,1569947120,,,0.0081,CV,1569914616,1569957832,-3600,3374333,Praia,200
-22.43,-151.33,800,Clear,clear sky,01d,stations,68.08,1019.09,69,68.08,68.08,,18.32,127.245,0,1569947122,,,0.0069,PF,1569944757,1569989031,-36000,4034188,Moerai,200
64.86,-147.8,800,Clear,clear sky,01d,stations,33.84,1007,94,30,36,16093,5.82,110,1,1569947122,1,7684,0.0068,US,1569945634,1569986460,-28800,5859699,College,200
-6.22,-57.76,800,Clear,clear sky,01d,stations,95,1010,47,95,95,10000,9.17,120,0,1569947122,1,8342,0.0063,BR,1569922559,1569966325,-10800,3397763,Jacareacanga,200
26.59,127.98,800,Clear,clear sky,01n,stations,81.19,1013,83,80.01,82.4,16093,10.29,170,1,1569947122,1,8138,0.0073,JP,1569964832,1570007678,32400,1856068,Nago,200
45.66,-110.56,701,Mist,mist,50d,stations,31.24,1019,88,28.99,33.8,16093,11.41,90,90,1569946847,1,4781,0.0067,US,1569936011,1569978212,-21600,5663049,Livingston,200
63.75,121.63,803,Clouds,broken clouds,04n,stations,25.42,1018.03,74,25.42,25.42,,5.08,289.946,82,1569947123,,,0.0062,RU,1569967352,1570008206,32400,2013392,Vilyuysk,200
19.98,-99.5,803,Clouds,broken clouds,04d,stations,58.18,1016.74,79,58.18,58.18,,3.8,133.263,59,1569947123,,,0.0075,MX,1569932923,1569975992,-18000,3516510,Soyaniquilpan,200
43.91,12.91,801,Clouds,few clouds,02d,stations,73.38,1009,83,71.6,75.2,10000,11.41,90,20,1569947124,1,6770,0.0073,IT,1569906316,1569948655,7200,3171173,Pesaro,200
31.2,29.89,800,Clear,clear sky,01n,stations,79.59,1011,54,78.8,80.6,10000,11.41,340,0,1569947124,1,2511,0.0063,EG,1569902020,1569944802,7200,361058,Alexandria,200
43.72,39.61,802,Clouds,scattered clouds,03n,stations,68,1013,72,68,68,10000,4.47,60,25,1569947124,1,8972,0.0062,RU,1569899899,1569942259,10800,823676,Gornoye Loo,200
61.6,-149.11,500,Rain,light rain,10d,stations,44.82,992,93,39.99,48.99,16093,3.36,,75,1569946865,1,7637,0.0097,US,1569945780,1569986942,-28800,5871146,Palmer,200
5.56,95.32,804,Clouds,overcast clouds,04n,stations,81.76,1013.1,74,81.76,81.76,,5.99,185.781,100,1569947103,,,0.0065,ID,1569885981,1569929443,25200,1215502,Banda Aceh,200
40.83,-115.76,800,Clear,clear sky,01d,stations,35.58,1016,86,30.2,39,16093,4.72,13.424,1,1569946827,1,3961,0.007,US,1569937159,1569979559,-25200,5703670,Elko,200
11.72,122.09,500,Rain,light rain,10n,stations,82.66,1012.37,77,82.66,82.66,,5.93,233.961,100,1569947126,,,0.008,PH,1569966030,1570009306,28800,1695555,Pandan,200
-16.19,-67.73,803,Clouds,broken clouds,04d,stations,53.6,1034,46,53.6,53.6,10000,6.93,150,75,1569947126,1,8648,0.0076,BO,1569924807,1569968862,-14400,3919085,Coroico,200
-35.66,-63.75,804,Clouds,overcast clouds,04d,stations,65.2,1015.54,15,65.2,65.2,,15.95,181.607,99,1569947127,,,0.0058,AR,1569923492,1569968267,-10800,3855075,General Pico,200
16.78,94.73,803,Clouds,broken clouds,04n,stations,80.14,1011.51,85,80.14,80.14,,7.87,305.445,79,1569947127,,,0.0065,MM,1569886260,1569929446,23400,1328421,Pathein,200
5.67,-53.78,803,Clouds,broken clouds,04d,stations,94.54,1010.32,40,94.54,94.54,,4.97,70.673,56,1569947128,,,0.0086,GF,1569921761,1569965213,-10800,3381041,Mana,200
-35.33,-72.42,802,Clouds,scattered clouds,03d,stations,53.14,1020.99,57,53.14,53.14,,11.12,348.154,32,1569947128,,,0.0059,CL,1569925578,1569970342,-10800,3893726,Constitucion,200
43.17,5.6,800,Clear,clear sky,01d,stations,73.83,1009,64,72,77,10000,10.29,180,0,1569947128,1,6512,0.0138,FR,1569908057,1569950422,7200,3010025,La Ciotat,200
-24.69,44.75,800,Clear,clear sky,01n,stations,71.68,1015.95,74,71.68,71.68,,10.27,194.893,0,1569947129,,,0.0071,MG,1569897692,1569942000,10800,1078553,Ampanihy,200
36.1,0.42,803,Clouds,broken clouds,04d,stations,76.18,1011.21,69,76.18,76.18,,14.23,277.342,51,1569947129,,,0.0055,DZ,1569909174,1569951791,3600,2487130,Sidi Ali,200
-14.9,50.28,500,Rain,light rain,10n,stations,67.36,1016.02,97,67.36,67.36,,2.08,78.63,55,1569947129,,,0.0059,MG,1569896519,1569940518,10800,1071296,Antalaha,200
39.2,54.59,800,Clear,clear sky,01n,stations,69.88,1012.43,27,69.88,69.88,,14.85,67.277,0,1569947130,,,0.0071,TM,1569896218,1569938751,18000,161943,Gumdag,200
14.35,3.32,804,Clouds,overcast clouds,04d,stations,98.5,1005.72,28,98.5,98.5,,15.73,71.49,92,1569947130,,,0.0053,NE,1569908169,1569951404,3600,2444995,Filingue,200
29.57,-104.42,803,Clouds,broken clouds,04d,stations,86,1015,48,86,86,16093,8.05,140,75,1569947131,1,5416,0.0064,MX,1569934243,1569977033,-21600,3994469,Ojinaga,200
40.29,97.04,804,Clouds,overcast clouds,04n,stations,60.7,1012.85,22,60.7,60.7,,18.21,60.865,98,1569947131,,,0.0069,CN,1569972501,1570014857,28800,1528998,Yumen,200
54.78,-127.17,803,Clouds,broken clouds,04d,stations,39.2,1017,80,39.2,39.2,40233,2.24,,75,1569946847,1,990,0.0064,CA,1569940244,1569981950,-25200,6149996,Smithers,200
63.59,-135.9,500,Rain,light rain,10d,stations,41,1005,93,41,41,16093,9.17,10,90,1569947132,1,858,0.0118,CA,1569942702,1569983681,-25200,6068416,Mayo,200
2.43,103.84,804,Clouds,overcast clouds,04n,stations,74.74,1012.72,89,74.74,74.74,,1.5,182.575,98,1569947132,,,0.0061,MY,1569970282,1570013813,28800,1732826,Mersing,200
1.68,101.45,804,Clouds,overcast clouds,04n,stations,75.28,1012.89,92,75.28,75.28,,2.48,61.212,100,1569947132,,,0.0065,ID,1569884462,1569928020,25200,1645133,Dumai,200
58.07,54.67,500,Rain,light rain,10n,stations,49,1009.12,86,49,49,,14.99,200.445,100,1569947133,,,0.0065,RU,1569896651,1569938280,18000,475777,Vereshchagino,200
44.3,86.03,804,Clouds,overcast clouds,04n,stations,54.76,1022.95,41,54.76,54.76,,4.05,358.42,85,1569947133,,,0.0079,CN,1569975232,1570017409,28800,1529195,Shihezi,200
-11.41,-69.49,500,Rain,light rain,10d,stations,81.4,1010.36,81,81.4,81.4,,2.55,326.532,78,1569947134,,,0.0086,PE,1569925301,1569969213,-18000,3938531,Iberia,200
46.78,15.54,800,Clear,clear sky,01d,stations,69.94,1009,64,66.99,73.99,10000,8.05,190,0,1569947134,1,6825,0.0074,AT,1569905745,1569947964,7200,2772753,Leibnitz,200
54.72,135.31,804,Clouds,overcast clouds,04n,stations,40.72,1008.95,96,40.72,40.72,,3.58,308.968,100,1569947134,,,0.0066,RU,1569963677,1570005315,36000,2025256,Chumikan,200
-37.83,147.63,801,Clouds,few clouds,02n,stations,40.5,1024,93,39,42.01,,2.86,340.331,13,1569947134,3,2011895,0.0095,AU,1569959071,1570004010,36000,2177233,Bairnsdale,200
-10.62,150.67,500,Rain,light rain,10n,stations,73.48,1012.6,96,73.48,73.48,,5.91,116.216,100,1569947135,,,0.0054,PG,1569958859,1570002762,36000,2132606,Samarai,200
55.79,84.89,800,Clear,clear sky,01n,stations,37.4,1029,59,37.4,37.4,10000,11.18,200,0,1569947135,1,8961,0.0065,RU,1569889314,1569931115,25200,1485724,Talaya,200
20.5,-89.59,803,Clouds,broken clouds,04d,stations,86.56,1012,66,86,87.01,11265,5.19,64.363,75,1569947135,1,7140,0.0067,MX,1569930551,1569973608,-18000,3520120,Sacalum,200
58.89,41.46,500,Rain,light rain,10n,stations,55.3,988.8,93,55.3,55.3,,12.8,199.617,100,1569947136,,,0.0057,RU,1569899855,1569941415,10800,511866,Pechenga,200
-1.02,-79.44,803,Clouds,broken clouds,04d,stations,80.32,1014.14,64,80.32,80.32,,7.23,194.694,77,1569947136,,,0.0071,EC,1569927831,1569971457,-18000,3652567,San Cristobal,200
-3.31,129,500,Rain,light rain,10n,stations,77.26,1012.73,89,77.26,77.26,,6.04,94.189,65,1569947137,,,0.0062,ID,1569964164,1570007856,32400,1651591,Amahai,200
-25.41,-70.49,804,Clouds,overcast clouds,04d,stations,57.1,1017.14,73,57.1,57.1,,8.03,278.696,100,1569947137,,,0.0059,CL,1569925316,1569969677,-10800,3870243,Taltal,200
